player_id,fixture_id,gameweek,kickoff_time,was_home,opponent_team_id,opponent_team_name,team_h_score,team_a_score,modified,minutes,goals_scored,assists,clean_sheets,goals_conceded,own_goals,penalties_saved,penalties_missed,yellow_cards,red_cards,saves,bonus,opta_index,total_points,value,selected,transfers_in,transfers_out,transfers_balance
445,100,12,2026-07-12T17:15:00Z,False,12,Sarpsborg 08,1,0,False,0,0,0,0,0,0,0,0,0,0,0,0,0.000000,0,60,1,1,0,1
445,109,13,2026-07-18T16:00:00Z,True,11,Sandefjord,2,1,False,0,0,0,0,0,0,0,0,0,0,0,0,0.000000,0,60,1,0,0,0
445,86,13,2026-07-22T17:00:00Z,False,8,Lillestrøm,1,2,False,0,0,0,0,0,0,0,0,0,0,0,0,0.000000,0,60,1,0,0,0
445,119,14,2026-07-26T17:15:00Z,False,1,Aalesund,1,1,False,0,0,0,0,0,0,0,0,0,0,0,0,0.000000,0,60,1,0,0,0
445,126,15,2026-08-01T16:00:00Z,False,13,Start,0,3,False,0,0,0,0,0,0,0,0,0,0,0,0,0.000000,0,60,1,0,0,0
445,136,16,2026-08-08T14:00:00Z,True,12,Sarpsborg 08,2,1,False,0,0,0,0,0,0,0,0,0,0,0,0,0.000000,0,60,1,0,0,0
445,144,17,2026-08-14T17:00:00Z,False,10,Rosenborg,2,1,False,0,0,0,0,0,0,0,0,0,0,0,0,0.000000,0,60,1,0,0,0
445,147,18,2026-08-30T15:00:00Z,True,1,Aalesund,2,1,False,0,0,0,0,0,0,0,0,0,0,0,0,0.000000,0,60,1,0,0,0
445,160,19,2026-09-04T19:00:00Z,False,11,Sandefjord,1,1,False,0,0,0,0,0,0,0,0,0,0,0,0,0.000000,0,60,0,0,1,-1
