player_id,opta_id,first_name,second_name,web_name,known_name,team_id,team_opta_id,team_name,team_short_name,element_type,position,status,news,minutes,goals_scored,assists,clean_sheets,goals_conceded,own_goals,penalties_saved,penalties_missed,yellow_cards,red_cards,saves,bonus,opta_index,total_points,now_cost,selected_by_percent
1,1577305,Fredrik André,Bjørkan,Bjørkan,,2,4,Bodø/Glimt,B/G,2,DEF,a,,982,3,3,6,10,0,0,0,0,0,0,5,0.000000,82,67,17.4
2,1556766,Odin,Bjørtuft,Bjørtuft,,2,4,Bodø/Glimt,B/G,2,DEF,a,,1675,0,2,10,15,0,0,0,0,0,0,1,0.000000,81,68,15.1
3,1579921,Jostein,Gundersen,Gundersen,,2,4,Bodø/Glimt,B/G,2,DEF,i,Lår - Forventet tilbake 13. september,496,0,0,3,5,0,0,0,0,0,0,0,0.000000,23,59,2.8
4,2005319,Villads,Nielsen,Nielsen,,2,4,Bodø/Glimt,B/G,2,DEF,a,,205,0,1,0,3,0,0,0,0,0,0,0,0.000000,8,48,0.3
5,1728666,Fredrik,Sjøvold,Sjøvold,,2,4,Bodø/Glimt,B/G,2,DEF,a,,1646,3,2,10,15,0,0,0,1,0,0,5,0.000000,101,78,37.7
6,2027329,Mikkel,Bro Hansen,Bro,,2,4,Bodø/Glimt,B/G,4,FWD,u,Overgang til PSV,54,1,0,0,0,0,0,0,1,0,0,0,0.000000,9,60,0.1
7,1613544,Andreas,Helmersen,Helmersen,,2,4,Bodø/Glimt,B/G,4,FWD,a,,707,8,1,2,6,0,0,1,0,0,0,6,0.000000,61,85,19.3
8,1965455,Kasper,Høgh,Høgh,,2,4,Bodø/Glimt,B/G,4,FWD,u,Overgang til Celtic,928,7,7,8,9,0,0,0,0,0,0,7,0.000000,80,117,29.3
9,1592582,Julian,Faye Lund,Faye,,2,4,Bodø/Glimt,B/G,1,GK,a,,0,0,0,0,0,0,0,0,0,0,0,0,0.000000,0,42,0.1
10,1865861,Nikita,Haikin,Haikin,,2,4,Bodø/Glimt,B/G,1,GK,a,,1710,0,0,10,15,0,0,0,0,0,39,0,0.000000,81,57,24.6
11,1857321,Isak,Sjong,Sjong,,2,4,Bodø/Glimt,B/G,1,GK,i,Smell - Ute på ubestemt tid,0,0,0,0,0,0,0,0,0,0,0,0,0.000000,0,40,0.1
12,1723183,Sondre,Auklend,Auklend,,2,4,Bodø/Glimt,B/G,3,MID,a,,1258,1,4,7,10,1,0,0,2,0,0,7,0.000000,58,66,1.2
13,1534602,Daniel,Bassi,Bassi,,8,177,Lillestrøm,LSK,3,MID,a,,242,0,1,0,7,0,0,0,0,0,0,0,0.000000,14,65,0.2
14,291448,Patrick,Berg,Berg,,2,4,Bodø/Glimt,B/G,3,MID,a,,1437,2,2,8,13,0,0,0,1,0,0,13,0.000000,69,91,13.1
15,1660385,Ole Didrik,Blomberg,Blomberg,,2,4,Bodø/Glimt,B/G,3,MID,a,,1439,5,6,11,11,0,0,0,2,0,0,6,0.000000,95,98,11.5
16,1612262,Sondre,Brunstad Fet,Fet,,2,4,Bodø/Glimt,B/G,3,MID,a,,1163,4,4,7,9,0,0,0,1,0,0,5,0.000000,73,81,3.1
17,1677946,Håkon,Evjen,Evjen,,2,4,Bodø/Glimt,B/G,3,MID,i,Kne - Forventet tilbake 11. oktober,745,5,2,5,7,0,0,0,1,0,0,12,0.000000,68,80,6.3
18,1602490,Jens Petter,Hauge,Hauge,,2,4,Bodø/Glimt,B/G,3,MID,a,,1005,4,2,7,7,0,0,0,1,0,0,2,0.000000,62,104,14.6
19,1701315,Isak,Dybvik Määttä,Määttä,,2,4,Bodø/Glimt,B/G,3,MID,a,,854,1,0,6,7,0,0,0,0,0,0,4,0.000000,42,65,0.2
20,169661,Ulrik,Saltnes,Saltnes,,2,4,Bodø/Glimt,B/G,3,MID,a,,167,0,0,1,2,0,0,0,0,0,0,0,0.000000,10,79,0.5
21,43126,Haitam,Aleesami,Aleesami,,2,4,Bodø/Glimt,B/G,2,DEF,i,Legg - Forventet tilbake 20. september,1040,1,0,7,7,0,0,0,0,0,0,5,0.000000,61,55,2.2
22,1754358,Magnus,Riisnæs,Riisnæs,,2,4,Bodø/Glimt,B/G,2,DEF,i,Kne - Forventet tilbake 25. oktober,23,0,0,0,0,0,0,0,0,0,0,0,0.000000,3,55,0.9
23,2050499,Anders,Klynge,Klynge,,2,4,Bodø/Glimt,B/G,3,MID,u,Overgang til Jagiellonia Białystok,153,1,0,1,2,0,0,0,0,0,0,0,0.000000,13,55,0.0
24,4082898,Gift,Sunday,Sunday,,2,4,Bodø/Glimt,B/G,3,MID,u,På lån til FC KTP,0,0,0,0,0,0,0,0,0,0,0,0,0.000000,0,50,0.0
25,1579765,August,Mikkelsen,Mikkelsen,,2,4,Bodø/Glimt,B/G,3,MID,d,Lyske - Forventet tilbake 25. oktober,6,0,0,0,0,0,0,0,0,0,0,0,0.000000,1,55,0.0
26,1711450,Martin,Hellan,Hellan,,11,195,Sandefjord,SAN,2,DEF,a,,130,0,0,0,3,0,0,0,0,0,0,0,0.000000,5,43,0.2
27,1787724,Rasmus,Holten,Holten,,11,195,Sandefjord,SAN,2,DEF,a,,673,1,0,1,11,0,0,0,1,0,0,2,0.000000,27,44,0.4
28,1565712,Fredrik,Pallesen Knudsen,Pallesen,,3,298,Brann,BRA,2,DEF,a,,1338,0,0,2,24,0,0,0,1,0,0,0,0.000000,31,48,3.3
29,113596,Joachim,Soltvedt,Soltvedt,,3,298,Brann,BRA,2,DEF,a,,1367,4,4,3,23,0,0,1,1,0,0,6,0.000000,76,62,26.7
30,1807281,Jonas,Torsvik,Torsvik,,3,298,Brann,BRA,2,DEF,i,Ankel - Forventet tilbake 11. oktober,47,0,0,0,2,0,0,0,0,0,0,0,0.000000,4,49,0.0
31,114647,Bård,Finne,Finne,,3,298,Brann,BRA,4,FWD,a,,522,4,2,0,11,0,0,0,0,0,0,4,0.000000,45,63,9.6
32,306458,Mathias,Dyngeland,Dyngeland,,3,298,Brann,BRA,1,GK,a,,990,0,0,2,17,0,0,0,1,0,34,0,0.000000,32,50,8.4
33,1622520,Simen,Vidtun Nilsen,Vidtun Nilsen,,3,298,Brann,BRA,1,GK,a,,630,0,0,1,10,0,0,0,0,0,17,0,0.000000,18,41,0.8
34,1887100,Mathias,Klausen,Klausen,,3,298,Brann,BRA,1,GK,u,På lån til Åsane,0,0,0,0,0,0,0,0,0,0,0,0,0.000000,0,40,0.1
35,1564737,Niklas,Castro,Castro,,3,298,Brann,BRA,3,MID,a,,416,2,2,2,6,0,0,0,3,0,0,6,0.000000,31,82,7.5
36,1771907,Markus,Haaland,Haaland,,3,298,Brann,BRA,3,MID,u,På lån til Häcken,267,2,0,0,5,0,0,0,0,0,0,0,0.000000,20,57,0.5
37,1608592,Felix,Horn Myhre,Horn Myhre,,3,298,Brann,BRA,3,MID,u,Overgang til West Bromwich,1350,2,3,1,25,0,0,0,2,0,0,11,0.000000,59,72,16.6
38,1552945,Ulrik,Mathisen,Mathisen,,3,298,Brann,BRA,3,MID,a,,799,1,4,3,15,0,0,0,0,0,0,1,0.000000,44,74,1.7
39,1562640,Thore,Baardsen Pedersen,Pedersen,,3,298,Brann,BRA,3,MID,a,,1132,0,0,3,20,0,0,0,2,0,0,0,0.000000,28,44,0.6
40,1835815,Lars,Remmem,Remmem,,3,298,Brann,BRA,3,MID,u,På lån til Haugesund,0,0,0,0,0,0,0,0,0,0,0,0,0.000000,0,45,0.0
41,1584945,Sakarias,Opsahl,Opsahl,,3,298,Brann,BRA,3,MID,i,Smell - Ute resten av sesongen,0,0,0,0,0,0,0,0,0,0,0,0,0.000000,0,43,0.0
42,1574301,Mads,Berg Sande,Sande,,3,298,Brann,BRA,3,MID,u,Overgang til Kongsvinger,0,0,0,0,0,0,0,0,0,0,0,0,0.000000,0,50,0.1
43,2030843,Eggert Aron,Gudmundsson,Gudmundsson,,3,298,Brann,BRA,3,MID,i,Smell - Forventet tilbake 13. september,225,0,0,2,2,0,0,0,0,0,0,0,0.000000,9,64,0.4
44,2032537,Denzel,De Roeve,De Roeve,,3,298,Brann,BRA,2,DEF,u,Overgang til Union Saint-Gilloise,944,1,2,2,16,0,0,0,1,0,0,2,0.000000,38,59,8.2
45,1619032,Noah,Holm,Noah,,3,298,Brann,BRA,4,FWD,a,,1373,6,2,4,23,0,0,0,3,0,0,8,0.000000,68,77,22.9
46,2050502,Jacob Lungi,Sørensen,Sørensen,,3,298,Brann,BRA,3,MID,a,,1141,0,1,4,15,0,0,0,3,0,0,1,0.000000,32,43,1.8
47,2050406,Sævar Atli,Magnússon,Magnússon,,3,298,Brann,BRA,3,MID,a,,36,0,0,0,1,0,0,0,0,0,0,0,0.000000,3,89,0.2
48,20663,Vetle,Dragsnes,Dragsnes,,3,298,Brann,BRA,2,DEF,a,,1038,1,0,3,13,0,0,0,1,0,0,1,0.000000,39,47,1.2
49,2051596,Nana,Boakye,Boakye,,3,298,Brann,BRA,2,DEF,i,Kne - Ute resten av sesongen,135,0,0,0,4,0,0,0,0,0,0,0,0.000000,2,48,0.7
50,1958337,Kristall,Máni Ingason,Ingason,,3,298,Brann,BRA,3,MID,d,Smell - 25 % sjanse for å spille,938,5,4,4,12,0,0,0,2,0,0,7,0.000000,72,66,5.8
51,2060091,Jón Dagur,Thorsteinsson,Thorsteinsson,,3,298,Brann,BRA,3,MID,u,Lån avsluttet,819,2,3,2,15,0,0,0,3,0,0,3,0.000000,41,78,3.4
52,1757446,Niklas,Jensen Wassberg,Wassberg,,3,298,Brann,BRA,3,MID,a,,625,0,1,1,13,0,0,0,1,0,0,0,0.000000,23,54,0.2
53,1817717,Jesper,Eikrem,Eikrem,,3,298,Brann,BRA,3,MID,u,Lån til Åsane,4,0,0,0,0,0,0,0,0,0,0,0,0.000000,1,50,0.1
54,1837000,Martin,Børsheim,Børsheim,,4,117,Fredrikstad,FFK,1,GK,a,,1710,0,0,3,30,0,0,0,3,0,61,3,0.000000,54,48,7.2
55,1572205,Daniel,Eid,Eid,,4,117,Fredrikstad,FFK,2,DEF,a,,1596,2,3,3,26,0,0,0,3,0,0,8,0.000000,65,56,6.8
56,1582025,Sigurd,Kvile,Kvile,,4,117,Fredrikstad,FFK,2,DEF,i,Kne - Ute resten av sesongen,30,0,0,0,0,0,0,0,1,0,0,0,0.000000,1,44,0.0
57,2024528,Kennedy,Okpaleke,Okpaleke,,4,117,Fredrikstad,FFK,2,DEF,i,Smell - Ute på ubestemt tid,6,0,0,0,0,0,0,0,0,0,0,0,0.000000,2,39,0.9
58,3840,Simen,Rafn,Rafn,,4,117,Fredrikstad,FFK,2,DEF,a,,888,1,1,1,12,0,0,0,2,0,0,4,0.000000,34,41,6.9
59,1767706,Henrik,Skogvold,Skogvold,,4,117,Fredrikstad,FFK,4,FWD,a,,1402,0,3,4,24,0,0,0,0,0,0,2,0.000000,45,67,7.1
60,1739530,Ole,Langbråten,Langbråten,,4,117,Fredrikstad,FFK,1,GK,a,,0,0,0,0,0,0,0,0,0,0,0,0,0.000000,0,40,0.7
61,1857559,Elias,Solberg,Solberg,,4,117,Fredrikstad,FFK,3,MID,u,Overgang til Ranheim,0,0,0,0,0,0,0,0,0,0,0,0,0.000000,0,45,0.1
62,1816099,Benjamin,Faraas,Faraas,,4,117,Fredrikstad,FFK,3,MID,a,,627,3,0,1,12,0,0,0,2,0,0,3,0.000000,35,60,0.2
63,2025293,Oskar,Øhlenschlæger,Øhlenschlæger,,4,117,Fredrikstad,FFK,3,MID,u,Overgang til Samsunspor,1287,3,2,3,18,0,0,0,2,0,0,9,0.000000,61,67,6.5
64,2027187,Rocco,Shein,Shein,,4,117,Fredrikstad,FFK,3,MID,u,Overgang til Portsmouth,963,2,4,1,18,0,0,0,1,0,0,11,0.000000,55,57,1.9
65,1542214,Sondre,Sørløkk,Sørløkk,,4,117,Fredrikstad,FFK,2,DEF,a,,979,0,3,1,21,0,0,0,0,0,0,0,0.000000,29,52,6.7
66,1633872,Ulrik,Fredriksen,Fredriksen,,4,117,Fredrikstad,FFK,2,DEF,a,,1502,1,0,3,23,0,0,0,1,0,0,1,0.000000,45,47,12.7
67,294605,Johannes Andres,Hummelvoll-Nuñez,Nuñez,,4,117,Fredrikstad,FFK,4,FWD,a,,348,1,1,0,9,0,0,0,1,0,0,0,0.000000,15,78,5.3
68,122750,Øystein,Øvretveit,Øvretveit,,4,117,Fredrikstad,FFK,1,GK,a,,0,0,0,0,0,0,0,0,0,0,0,0,0.000000,0,39,0.9
69,1942048,Eirik Julius,Granaas,Granaas,,4,117,Fredrikstad,FFK,3,MID,u,Overgang til Porto,86,1,0,0,4,0,0,0,3,0,0,0,0.000000,10,48,0.1
70,40513,Solomon,Owusu,S. Owusu,,4,117,Fredrikstad,FFK,2,DEF,a,,426,1,0,0,10,0,0,0,1,0,0,0,0.000000,15,44,0.3
71,1746097,Fanuel,Ghebreyohannes,Ghebreyohannes,,4,117,Fredrikstad,FFK,2,DEF,i,Smell - Forventet tilbake 13. september,724,0,0,1,13,0,0,0,3,0,0,0,0.000000,18,48,0.1
72,1793151,Salim,Laghzaoui,Laghzaoui,,4,117,Fredrikstad,FFK,3,MID,a,,859,0,1,1,14,0,0,0,0,0,0,0,0.000000,27,55,0.2
73,1573731,Aleksander,Andresen,Andresen,,5,63,HamKam,HAM,2,DEF,a,,46,0,0,0,1,0,0,0,0,0,0,0,0.000000,4,48,0.1
74,37957,Fredrik,Holmé,Holmé,,4,117,Fredrikstad,FFK,2,DEF,a,,1433,2,1,3,25,0,0,0,3,0,0,5,0.000000,53,45,2.5
75,2056398,Samuel,Leach Holm,Leach Holm,,4,117,Fredrikstad,FFK,3,MID,a,,924,1,1,1,17,0,0,0,1,0,0,0,0.000000,31,48,0.3
76,1812638,Joachim,Nysveen,Nysveen,,4,117,Fredrikstad,FFK,2,DEF,i,Smell - Ute på ubestemt tid,36,0,0,0,2,0,0,0,0,0,0,0,0.000000,2,43,0.0
77,2060946,Max,Nilsson,Nilsson,,4,117,Fredrikstad,FFK,3,MID,a,,786,1,1,3,13,0,0,0,2,0,0,2,0.000000,32,48,0.1
78,1882015,Simon,Rusen,Rusen,,5,63,HamKam,HAM,1,GK,a,,0,0,0,0,0,0,0,0,0,0,0,0,0.000000,0,40,0.3
79,2017745,Anton,Ekeroth,Ekeroth,,5,63,HamKam,HAM,2,DEF,u,Overgang til Sigma Olomouc,1011,0,2,2,22,0,0,0,3,0,0,2,0.000000,28,54,3.4
80,1798379,Viðar Ari,Jónsson,Jónsson,,5,63,HamKam,HAM,2,DEF,a,,885,0,2,3,15,1,0,0,1,0,0,1,0.000000,33,49,0.6
81,1926490,Luc,Mares,Mares,,5,63,HamKam,HAM,3,MID,a,,775,0,0,1,15,0,0,0,1,0,0,0,0.000000,18,49,0.9
82,1723336,Halvor,Rødølen Opsahl,Opsahl,,5,63,HamKam,HAM,2,DEF,a,,321,0,1,0,7,0,0,0,1,0,0,0,0.000000,10,44,0.1
83,1801700,Ola,Rye,Rye,,5,63,HamKam,HAM,2,DEF,u,På lån til Ullern,0,0,0,0,0,0,0,0,0,0,0,0,0.000000,0,39,0.3
84,47121,Fredrik,Sjølstad,Sjølstad,,5,63,HamKam,HAM,2,DEF,d,Smell - 50 % sjanse for å spille,1240,0,0,2,27,1,0,0,1,0,0,5,0.000000,31,44,0.6
85,1556643,Snorre,Strand Nilsen,Strand Nilsen,,5,63,HamKam,HAM,2,DEF,a,,357,0,1,0,9,0,0,0,0,0,0,0,0.000000,16,42,0.9
86,1813104,Julian,Gonstad,Gonstad,,6,306,KFUM Oslo,KFUM,4,FWD,a,,357,0,0,0,8,0,0,0,0,0,0,0,0.000000,12,56,1.5
87,1606911,Ilir,Kukleci,Kukleci,,5,63,HamKam,HAM,2,DEF,u,Overgang til KF Teuta,113,0,0,0,1,0,0,0,1,0,0,0,0.000000,7,44,0.1
88,1757695,Marcus,Sandberg,Sandberg,,5,63,HamKam,HAM,1,GK,a,,1620,0,0,4,32,0,0,0,1,0,70,0,0.000000,57,50,4.5
89,1893144,David,De Ornelas,De Ornelas,,5,63,HamKam,HAM,3,MID,a,,0,0,0,0,0,0,0,0,0,0,0,0,0.000000,0,45,0.1
90,1611046,Markus,Johnsgård,Johnsgård,,5,63,HamKam,HAM,3,MID,a,,634,2,1,1,11,0,0,0,1,0,0,0,0.000000,34,50,0.1
91,1822858,William,Osnes-Ringen,Osnes-Ringen,,5,63,HamKam,HAM,3,MID,a,,363,0,0,0,7,0,0,0,1,0,0,0,0.000000,13,48,0.1
92,1701180,Aksel,Potur,Potur,,5,63,HamKam,HAM,3,MID,d,Hel - 25 % sjanse for å spille,1410,4,3,3,27,0,0,0,1,0,0,13,0.000000,78,54,7.5
93,1596168,Gard,Simenstad,Simenstad,,5,63,HamKam,HAM,3,MID,u,Overgang til Odd,147,0,0,0,7,0,0,0,1,0,0,0,0.000000,4,46,0.2
94,2050551,Peter,Sunday,Sunday,,5,63,HamKam,HAM,2,DEF,u,Lån avsluttet,0,0,0,0,0,0,0,0,0,0,0,0,0.000000,0,40,0.5
95,3366022,Mats,Pedersen,Pedersen,,5,63,HamKam,HAM,3,MID,u,På lån til FF Jaro,0,0,0,0,0,0,0,0,0,0,0,0,0.000000,0,45,0.0
96,1750276,Sander,Kaldråstøyl Østraat,Østraat,,5,63,HamKam,HAM,1,GK,a,,0,0,0,0,0,0,0,0,0,0,0,0,0.000000,0,39,0.6
97,1842637,Ethan,Amundsen-Day,Amundsen-Day,,5,63,HamKam,HAM,2,DEF,a,,1530,1,0,4,31,0,0,0,1,0,0,3,0.000000,46,45,1.5
98,1890258,Markus,Østerud,Østerud,,5,63,HamKam,HAM,4,FWD,a,,0,0,0,0,0,0,0,0,0,0,0,0,0.000000,0,44,0.9
99,1849325,Eron,Gojani,Gojani,,5,63,HamKam,HAM,3,MID,u,På lån til GIF Sundsvall,15,0,0,0,2,0,0,0,0,0,0,0,0.000000,1,49,0.0
100,7544,Henrik,Udahl,Udahl,,5,63,HamKam,HAM,4,FWD,a,,1248,5,0,3,24,0,0,0,0,0,0,8,0.000000,59,56,22.5
101,1930255,Noah,Alexandersson,Alexandersson,,5,63,HamKam,HAM,3,MID,u,På lån til Moss,0,0,0,0,0,0,0,0,0,0,0,0,0.000000,0,50,0.0
102,1756035,Martin,Gjone,Gjone,,5,63,HamKam,HAM,2,DEF,s,Suspendert - Forventet tilbake 13. september,1342,3,4,4,26,1,0,0,2,1,0,9,0.000000,70,49,6.3
103,1970431,Ian,Hoffmann,Hoffmann,,5,63,HamKam,HAM,2,DEF,u,Lån avsluttet,599,0,0,2,14,0,0,0,2,0,0,0,0.000000,15,48,0.2
104,1972335,Loris,Mettler,Mettler,,5,63,HamKam,HAM,3,MID,a,,464,1,2,1,7,0,0,0,0,0,0,0,0.000000,24,57,0.5
105,1859886,Alan,Cole,Cole,,5,63,HamKam,HAM,4,FWD,a,,0,0,0,0,0,0,0,0,0,0,0,0,0.000000,0,44,4.0
106,1713289,Brage,Skaret,Skaret,,6,306,KFUM Oslo,KFUM,2,DEF,a,,777,0,3,2,15,0,0,0,2,0,0,0,0.000000,26,44,0.0
107,298848,Ayoub,Aleesami,Aleesami,,6,306,KFUM Oslo,KFUM,2,DEF,i,Lyske - Ute på ubestemt tid,0,0,0,0,0,0,0,0,0,0,0,0,0.000000,0,45,0.2
108,3106187,Mohammed Hopsdal,Abbas,Abbas,,6,306,KFUM Oslo,KFUM,2,DEF,u,Overgang til Eik Tønsberg,0,0,0,0,0,0,0,0,0,0,0,0,0.000000,0,40,0.0
109,72830,Fredrik,Berglie,Berglie,,6,306,KFUM Oslo,KFUM,2,DEF,a,,889,0,0,3,18,0,0,0,1,1,0,10,0.000000,31,44,0.7
110,1570586,David,Hickson,Hickson,,6,306,KFUM Oslo,KFUM,3,MID,a,,350,0,1,2,7,0,0,0,2,0,0,1,0.000000,16,53,0.9
111,1654120,Jonas,Lange Hjorth,Hjorth,,6,306,KFUM Oslo,KFUM,2,DEF,a,,946,0,3,2,19,0,0,0,1,0,0,0,0.000000,32,48,1.0
112,1560546,Håkon,Hoseth,Hoseth,,6,306,KFUM Oslo,KFUM,2,DEF,a,,1083,2,2,6,16,1,0,0,1,0,0,3,0.000000,63,46,8.2
113,44085,Amin,Nouri,Nouri,,6,306,KFUM Oslo,KFUM,2,DEF,a,,92,0,0,0,2,0,0,0,0,0,0,0,0.000000,6,40,10.4
114,1690044,Momodou,Lion Njie,Lion Njie,,6,306,KFUM Oslo,KFUM,2,DEF,u,På lån til Moss,177,0,0,0,3,0,0,0,1,1,0,0,0.000000,1,39,1.5
115,1616887,Emil,Ødegaard,Ødegaard,,6,306,KFUM Oslo,KFUM,1,GK,a,,720,0,0,3,10,0,0,0,0,0,24,1,0.000000,29,46,2.0
116,1637491,Teodor,Berg Haltvik,Haltvik,,6,306,KFUM Oslo,KFUM,3,MID,u,Overgang til Sønderjyske,536,4,0,3,9,0,0,0,0,0,0,3,0.000000,42,48,5.9
117,191505,Simen,Hestnes,Hestnes,,6,306,KFUM Oslo,KFUM,3,MID,u,Overgang til Häcken,926,1,1,3,17,1,0,0,0,0,0,5,0.000000,35,58,2.2
118,1704160,Bjørn Martin,Kristensen,Kristensen,,6,306,KFUM Oslo,KFUM,4,FWD,a,,605,1,0,1,16,0,0,0,1,0,0,0,0.000000,24,50,2.7
119,42914,Moussa,Njie,M. Njie,,6,306,KFUM Oslo,KFUM,3,MID,u,På lån til Moss,0,0,0,0,0,0,0,0,0,0,0,0,0.000000,0,49,0.1
120,191139,Robin,Rasch,Rasch,,6,306,KFUM Oslo,KFUM,3,MID,d,Smell - 50 % sjanse for å spille,954,0,2,3,14,0,0,0,2,0,0,0,0.000000,32,48,0.3
121,1631352,Mansour,Sinyan,Sinyan,,6,306,KFUM Oslo,KFUM,3,MID,u,På lån til KI Klaksvik,0,0,0,0,0,0,0,0,0,0,0,0,0.000000,0,45,0.0
122,1708342,Daniel,Schneider,Schneider,,6,306,KFUM Oslo,KFUM,2,DEF,s,Suspendert - Tilbake 13. september,1581,1,0,5,31,0,0,0,3,1,0,6,0.000000,48,46,1.0
123,1588161,Bilal,Elmi Njie,Elmi Njie,,6,306,KFUM Oslo,KFUM,3,MID,a,,874,4,0,3,14,0,0,0,1,0,0,7,0.000000,52,54,0.2
124,1572189,Eirik,Saunes,Saunes,,6,306,KFUM Oslo,KFUM,2,DEF,a,,1271,0,0,4,24,0,0,0,3,0,0,2,0.000000,34,43,1.6
125,1787113,Mostafa,Najafzadeh,Najafzadeh,,6,306,KFUM Oslo,KFUM,3,MID,a,,2,0,0,0,0,0,0,0,0,0,0,0,0.000000,1,44,0.1
126,1946555,Marko,Vuckovic,Vuckovic,,6,306,KFUM Oslo,KFUM,3,MID,a,,0,0,0,0,0,0,0,0,0,0,0,0,0.000000,0,44,0.1
127,1634666,Sander,Sjökvist,Sjökvist,,6,306,KFUM Oslo,KFUM,2,DEF,a,,869,0,2,1,26,0,0,0,1,1,0,1,0.000000,19,47,2.1
128,1658958,Rasmus,Eggen Vinge,Eggen Vinge,,6,306,KFUM Oslo,KFUM,3,MID,a,,862,3,0,3,15,0,0,0,2,0,0,2,0.000000,42,53,1.1
129,1605562,Martin,Tangen Vinjor,Vinjor,,6,306,KFUM Oslo,KFUM,3,MID,a,,1020,0,2,2,23,0,0,0,4,0,0,3,0.000000,32,55,0.3
130,3561250,Magnus,Kiperberg Mehl,Mehl,,6,306,KFUM Oslo,KFUM,2,DEF,u,På lån til Tromsdalen,0,0,0,0,0,0,0,0,0,0,0,0,0.000000,0,40,0.0
131,2061274,Krzysztof,Bąkowski,Bąkowski,,6,306,KFUM Oslo,KFUM,1,GK,u,Lån avsluttet,180,0,0,1,3,0,0,0,0,0,6,0,0.000000,8,42,1.0
132,1442250,Magnus,Wolff Eikrem,Eikrem,,6,306,KFUM Oslo,KFUM,4,FWD,i,Smell - Ute på ubestemt tid,513,2,2,2,9,0,0,0,0,0,0,4,0.000000,34,67,4.2
133,1562899,Magnus,Grødem,Grødem,,6,306,KFUM Oslo,KFUM,4,FWD,d,Smell - 50 % sjanse for å spille,586,2,0,1,9,0,0,0,2,0,0,0,0.000000,22,58,0.7
134,1563720,Tore André,Hagbø Sørås,Sørås,,6,306,KFUM Oslo,KFUM,3,MID,d,Lår - 25 % sjanse for å spille,659,0,0,2,12,0,0,0,2,0,0,0,0.000000,16,43,1.2
135,1756937,Skeide,Syver,Skeide,,7,785,Kristiansund,KBK,3,MID,a,,577,0,1,1,14,0,0,0,2,0,0,3,0.000000,23,44,0.2
136,1742353,Niklas,Ødegård,Ødegård,,9,3,Molde,MOL,3,MID,a,,473,0,0,0,11,0,0,0,4,0,0,0,0.000000,11,50,0.1
137,1744364,Isak,Aalberg,Aalberg,,7,785,Kristiansund,KBK,2,DEF,i,Lyske - Ute på ubestemt tid,0,0,0,0,0,0,0,0,0,0,0,0,0.000000,0,40,0.2
138,2028915,Frederik,Flex,Flex,,7,785,Kristiansund,KBK,2,DEF,a,,1007,0,0,1,21,0,0,0,3,0,0,0,0.000000,19,44,0.1
139,135222,Dan Peter,Ulvestad,Ulvestad,,7,785,Kristiansund,KBK,2,DEF,a,,1472,0,0,2,25,0,0,0,1,0,0,0,0.000000,32,44,1.3
140,1686544,Max,Normann Williamsen,Williamsen,,7,785,Kristiansund,KBK,2,DEF,a,,227,0,0,0,8,0,0,0,0,0,0,0,0.000000,6,43,0.0
141,1653564,Leander,Næss Alvheim,Næss Alvheim,,7,785,Kristiansund,KBK,4,FWD,a,,1286,7,0,2,20,0,0,0,3,0,0,8,0.000000,64,62,5.5
142,2017631,Mustapha,Isah Ubandoma,Mustapha,,7,785,Kristiansund,KBK,4,FWD,u,Overgang til RAAL La Louvière,913,1,1,4,14,0,0,0,3,0,0,2,0.000000,30,57,5.5
143,1909901,Michael,Lansing,Lansing,,7,785,Kristiansund,KBK,1,GK,a,,540,0,0,0,9,0,1,0,1,0,30,3,0.000000,24,43,1.3
144,1679797,Adrian,Sæther,Sæther,,7,785,Kristiansund,KBK,1,GK,a,,1080,0,0,2,20,0,1,0,1,0,45,3,0.000000,42,45,4.4
145,1851013,Haakon,Haugen,Haugen,,7,785,Kristiansund,KBK,2,DEF,a,,580,0,0,1,11,0,0,0,1,0,0,0,0.000000,18,44,0.1
146,1987501,Wilfred George,Igor,George,,7,785,Kristiansund,KBK,3,MID,a,,1477,1,0,2,27,0,0,0,4,0,0,3,0.000000,40,44,6.0
147,1822682,Adrian,Kurd Rønning,Kurd Rønning,,7,785,Kristiansund,KBK,3,MID,a,,935,1,3,2,16,0,0,0,3,0,0,2,0.000000,41,43,0.3
148,2795755,Franklin,Daddys Boy Nyenetue,Daddys Boy,,7,785,Kristiansund,KBK,3,MID,u,Overgang til FC Dila Gori,0,0,0,0,0,0,0,0,0,0,0,0,0.000000,0,50,0.1
149,1807420,David,Tufekcic,Tufekcic,,7,785,Kristiansund,KBK,3,MID,a,,8,0,0,0,0,0,0,0,0,0,0,0,0.000000,1,54,0.1
150,1761618,Sander,Kilen,Kilen,,9,3,Molde,MOL,3,MID,a,,1266,2,4,3,22,0,0,0,2,0,0,4,0.000000,58,59,2.9
151,1820173,Sander,Rød,Rød,,7,785,Kristiansund,KBK,1,GK,u,På lån i Follo,0,0,0,0,0,0,0,0,0,0,0,0,0.000000,0,40,0.5
152,1884520,Herman,Sjåvik Opsahl,Sjåvik Opsahl,,7,785,Kristiansund,KBK,3,MID,u,På lån til Træff,0,0,0,0,0,0,0,0,0,0,0,0,0.000000,0,45,0.0
153,1797995,Anders,Børset,Børset,,7,785,Kristiansund,KBK,2,DEF,a,,42,0,0,0,1,0,0,0,1,0,0,0,0.000000,2,38,2.9
154,2057984,Júlíus,Mar Júlíusson,Júlíusson,,7,785,Kristiansund,KBK,2,DEF,a,,1512,0,0,2,27,0,0,0,3,1,0,0,0.000000,27,45,0.1
155,1554925,Heine,Bruseth,Bruseth,,7,785,Kristiansund,KBK,3,MID,a,,1161,0,2,4,16,0,0,0,5,0,0,3,0.000000,36,49,0.2
156,1580004,Tobias,Svendsen,T. Svendsen,,7,785,Kristiansund,KBK,3,MID,a,,370,1,0,1,4,0,0,0,0,0,0,0,0.000000,21,48,0.1
157,1575701,Jesper,Isaksen,Isaksen,,7,785,Kristiansund,KBK,3,MID,a,,677,0,0,2,12,0,0,0,2,0,0,2,0.000000,23,50,0.0
158,1969144,Alexander,Munksgaard Nielsen,Munksgaard,,7,785,Kristiansund,KBK,2,DEF,u,Overgang til Sønderjyske,1314,0,2,2,25,0,0,0,0,0,0,1,0.000000,36,45,0.1
159,2057499,Hrannar,Snær Magnusson,Magnusson,,7,785,Kristiansund,KBK,3,MID,u,Overgang til Knattspyrnufélagið Víkingur,155,0,0,0,5,0,0,0,1,0,0,0,0.000000,8,53,0.0
160,2057365,Pontus,Dahlberg,Dahlberg,,8,177,Lillestrøm,LSK,1,GK,a,,1620,0,0,5,25,0,0,0,2,0,74,6,0.000000,68,48,21.5
161,203158,Stefan,Hagerup,Hagerup,,8,177,Lillestrøm,LSK,1,GK,a,,0,0,0,0,0,0,0,0,0,0,0,0,0.000000,0,39,0.9
162,1671800,Sturla,Ottesen,Ottesen,,8,177,Lillestrøm,LSK,2,DEF,a,,858,0,0,3,12,0,0,0,0,0,0,0,0.000000,31,42,1.3
163,1618145,Lars,Ranger,Ranger,,8,177,Lillestrøm,LSK,2,DEF,a,,1370,2,1,4,20,0,0,0,2,0,0,5,0.000000,57,50,16.6
164,63069,Espen,Garnås,Garnås,,8,177,Lillestrøm,LSK,2,DEF,a,,285,0,0,0,8,0,0,0,0,1,0,0,0.000000,3,43,0.6
165,1579725,Sander,Moen Foss,Moen Foss,,8,177,Lillestrøm,LSK,2,DEF,a,,590,0,0,2,6,0,0,0,1,0,0,0,0.000000,21,42,0.4
166,214957,Ruben,Gabrielsen,Gabrielsen,,8,177,Lillestrøm,LSK,2,DEF,i,Smell - Ute på ubestemt tid,1350,0,0,4,20,0,0,0,1,0,0,0,0.000000,37,45,1.7
167,1713399,Lucas,Svenningsen,Svenningsen,,8,177,Lillestrøm,LSK,2,DEF,u,På lån til Skeid,1,0,0,0,0,0,0,0,0,0,0,0,0.000000,1,39,0.3
168,1988551,Frederik,Elkær,Elkær,,8,177,Lillestrøm,LSK,2,DEF,a,,634,0,1,1,13,0,0,0,2,0,0,0,0.000000,16,55,0.3
169,1970930,Uba,Charles Nwokoma,Uba Charles,,1,15,Aalesund,AaFK,2,DEF,a,,1370,1,4,0,34,0,0,0,1,0,0,5,0.000000,40,45,1.0
170,325192,Ylldren,Ibrahimaj,Ibrahimaj,,8,177,Lillestrøm,LSK,3,MID,a,,1446,0,2,5,22,0,0,0,6,0,0,3,0.000000,41,53,1.5
171,1661628,Markus,Karlsbakk,Karlsbakk,,8,177,Lillestrøm,LSK,3,MID,u,Overgang til Arca Çorum FK,1172,4,1,4,15,1,0,0,2,0,0,7,0.000000,58,70,11.2
172,1540744,Eric,Kitolano,E. Kitolano,,8,177,Lillestrøm,LSK,3,MID,a,,485,0,0,2,6,0,0,0,0,0,0,0,0.000000,14,68,4.3
173,1580759,Kevin,Krygård,Krygård,,8,177,Lillestrøm,LSK,3,MID,d,Smell - 50 % sjanse for å spille,345,0,0,0,7,0,0,0,1,0,0,0,0.000000,10,45,0.2
174,1838206,Harald,Woxen,Woxen,,8,177,Lillestrøm,LSK,3,MID,a,,241,0,0,0,5,0,0,0,2,1,0,0,0.000000,7,53,0.1
175,2050511,Linus,Alperud,Alperud,,8,177,Lillestrøm,LSK,3,MID,i,Lår - Ute på ubestemt tid,317,1,0,0,5,0,0,0,0,0,0,0,0.000000,17,54,0.0
176,2033039,Salieu,Drammeh,Drammeh,,8,177,Lillestrøm,LSK,3,MID,u,Overgang til Standard Liège,978,2,2,6,10,0,0,0,0,0,0,4,0.000000,49,62,3.2
177,2003104,Efe,Lucky,Lucky,,8,177,Lillestrøm,LSK,3,MID,u,Kontrakt terminert,0,0,0,0,0,0,0,0,0,0,0,0,0.000000,0,49,0.0
178,1872936,Angelos,Chaminta,Chaminta,,8,177,Lillestrøm,LSK,3,MID,u,Lån til Kongsvinger,0,0,0,0,0,0,0,0,0,0,0,0,0.000000,0,43,0.1
179,2004897,Felix,Va,Va,,8,177,Lillestrøm,LSK,3,MID,a,,1442,4,5,4,24,0,0,0,1,0,0,15,0.000000,88,63,13.4
180,1793725,Gustav,Nyheim,Nyheim,,8,177,Lillestrøm,LSK,3,MID,a,,1034,4,3,2,17,0,0,0,4,0,0,14,0.000000,68,55,1.6
181,2057438,Camil,Jebara,Jebara,,8,177,Lillestrøm,LSK,3,MID,i,Smell - Ute på ubestemt tid,329,1,1,0,4,0,0,0,1,0,0,0,0.000000,20,57,0.1
182,2033036,Kparobo,Arierhi,Arierhi,,8,177,Lillestrøm,LSK,4,FWD,u,På lån til Sogndal,244,1,0,1,4,0,0,0,0,0,0,0,0.000000,17,58,0.5
183,47482,Thomas,Lehne Olsen,Lehne Olsen,,8,177,Lillestrøm,LSK,4,FWD,a,,866,4,2,5,12,0,0,1,0,0,0,5,0.000000,48,80,23.0
184,1896361,Markus,Wæhler,Wæhler,,8,177,Lillestrøm,LSK,4,FWD,u,Lån til Strømmen,6,0,0,0,0,0,0,0,0,0,0,0,0.000000,1,54,0.1
185,1621340,Yaw,Paintsil,Paintsil,,8,177,Lillestrøm,LSK,2,DEF,a,,719,0,2,3,13,0,0,0,1,0,0,0,0.000000,33,48,0.4
186,1537559,Isak,Helstad Amundsen,Amundsen,,4,117,Fredrikstad,FFK,2,DEF,a,,546,0,0,2,8,0,0,0,1,0,0,2,0.000000,23,43,0.7
187,302884,Eirik,Haugan,Haugan,,9,3,Molde,MOL,2,DEF,a,,247,0,0,0,8,0,0,0,0,0,0,0,0.000000,10,42,2.6
188,49607,Martin,Linnes,Linnes,,9,3,Molde,MOL,2,DEF,a,,645,1,1,0,13,0,0,0,1,0,0,1,0.000000,24,54,0.5
189,1577144,Casper,Øyvann,Øyvann,,14,2,Tromsø,TIL,2,DEF,d,Smell - Ute på ubestemt tid,5,0,0,0,1,0,0,0,0,0,0,0,0.000000,1,43,0.1
190,1589895,Halldor,Stenevik,Stenevik,,9,3,Molde,MOL,2,DEF,i,Smell - Trolig ute resten av sesongen,1080,0,2,3,15,0,0,0,1,0,0,0,0.000000,36,49,3.0
191,23114,Fredrik,Gulbrandsen,Gulbrandsen,,8,177,Lillestrøm,LSK,4,FWD,a,,812,5,1,3,8,0,0,0,3,0,0,3,0.000000,47,74,5.6
192,1996832,Albert,Posiadała,Posiadała,,9,3,Molde,MOL,1,GK,a,,1187,0,1,2,21,1,0,0,2,0,37,2,0.000000,36,47,4.3
193,1601181,Emil,Varhaugvik Breivik,Breivik,,9,3,Molde,MOL,3,MID,a,,1612,7,6,4,28,0,0,0,3,0,0,15,0.000000,105,76,48.8
194,2025801,Daniel,Daga,Daga,,9,3,Molde,MOL,3,MID,a,,438,2,0,0,11,0,0,0,0,0,0,4,0.000000,25,48,0.2
195,46688,Kristian,Eriksen,Eriksen,,3,298,Brann,BRA,3,MID,a,,1089,4,6,4,18,0,0,0,3,0,0,4,0.000000,71,78,4.4
196,1854810,Sondre,Granaas,Granaas,,9,3,Molde,MOL,3,MID,s,Suspendert - Tilbake 13. september,1053,3,4,2,19,0,0,0,4,0,0,8,0.000000,60,51,1.5
197,133035,Eirik,Hestad,Hestad,,9,3,Molde,MOL,3,MID,d,Legg - 25 % sjanse for å spille,1149,8,3,4,18,0,0,0,7,0,0,5,0.000000,80,62,4.0
198,207598,Mats,Møller Dæhli,Møller Dæhli,,9,3,Molde,MOL,3,MID,a,,632,0,1,2,8,0,0,0,1,0,0,3,0.000000,23,50,0.3
199,2036537,Samukelo,Kabini,Kabini,,9,3,Molde,MOL,2,DEF,a,,1123,1,2,3,20,0,0,0,2,2,0,4,0.000000,40,55,3.5
200,2037485,Caleb,Zady Sery,Zady Sery,,9,3,Molde,MOL,3,MID,a,,527,1,2,0,11,0,0,0,0,0,0,1,0.000000,29,68,2.3
201,312566,Birk,Risa,Risa,,9,3,Molde,MOL,2,DEF,a,,1348,0,0,2,21,0,0,0,1,0,0,3,0.000000,33,50,1.0
202,1803312,Oskar,Spiten-Nysæter,Spiten,,9,3,Molde,MOL,3,MID,a,,608,2,2,1,13,0,0,0,2,0,0,4,0.000000,38,80,0.4
203,2051892,Jacob,Steen Christensen,Christensen,,9,3,Molde,MOL,3,MID,u,På lån til Sönderjyske,481,0,0,1,7,0,0,0,0,0,0,0,0.000000,15,50,0.1
204,1688244,Peder,Hoel Lervik,Lervik,,9,3,Molde,MOL,1,GK,a,,90,0,0,0,2,0,0,0,0,0,0,0,0.000000,1,45,0.1
205,2058352,Mads,Kikkenborg,Kikkenborg,,9,3,Molde,MOL,1,GK,i,Akilles - Ute resten av sesongen,342,0,1,1,6,0,0,0,0,0,7,0,0.000000,14,47,0.8
206,2058741,Viktor,Bender,Bender,,9,3,Molde,MOL,3,MID,a,,152,0,1,0,3,0,0,0,1,0,0,0,0.000000,11,46,0.1
207,1847799,Blerton,Isufi,Isufi,,5,63,HamKam,HAM,3,MID,a,,357,1,0,1,3,0,0,0,2,0,0,0,0.000000,16,48,0.1
208,1703335,Sivert,Sira Hansen,Sira Hansen,,9,3,Molde,MOL,2,DEF,d,Smell - 25 % sjanse for å spille,1555,0,2,3,28,0,0,0,2,0,0,7,0.000000,48,51,5.5
209,1597807,Fredrik,Kristensen Dahl,Dahl,,9,3,Molde,MOL,2,DEF,a,,0,0,0,0,0,0,0,0,0,0,0,0,0.000000,0,49,0.0
210,1688818,Mikkel,Konradsen Ceïde,M. Ceïde,,10,145,Rosenborg,RBK,2,DEF,a,,886,0,0,4,14,0,0,0,1,0,0,1,0.000000,30,44,4.8
211,1798418,Tobias,Dahl,Dahl,,10,145,Rosenborg,RBK,2,DEF,a,,786,0,0,1,14,0,0,0,2,0,0,1,0.000000,19,45,0.2
212,2025084,Jonas,Mortensen,Mortensen,,10,145,Rosenborg,RBK,2,DEF,a,,574,0,0,1,11,0,0,0,1,0,0,0,0.000000,18,44,0.1
213,1996735,Tomáš,Nemčík,Nemčík,,10,145,Rosenborg,RBK,2,DEF,a,,1339,0,0,6,20,0,0,0,3,0,0,5,0.000000,49,53,3.2
214,1616018,Adrian,Pereira,Pereira,,10,145,Rosenborg,RBK,2,DEF,a,,664,1,0,5,8,0,0,0,2,0,0,2,0.000000,43,58,16.0
215,3698988,Elias,Sandrød,Sandrød,,10,145,Rosenborg,RBK,2,DEF,u,På lån til Stjørdals-Blink,0,0,0,0,0,0,0,0,0,0,0,0,0.000000,0,40,0.1
216,1840523,Håkon,Singsdal Volden,Singsdal Volden,,10,145,Rosenborg,RBK,2,DEF,a,,330,0,0,0,7,0,0,0,0,0,0,0,0.000000,6,49,0.4
217,1579916,Ulrik,Yttergård Jenssen,Y. Jenssen,,8,177,Lillestrøm,LSK,2,DEF,u,Overgang til Odense,634,0,0,4,5,0,0,0,1,0,0,0,0.000000,30,45,2.1
218,1886317,Dino,Islamovic,Islamovic,,10,145,Rosenborg,RBK,4,FWD,i,Legg - Ute på ubestemt tid,531,2,0,0,11,0,0,1,1,0,0,2,0.000000,22,80,10.3
219,1654109,Rasmus,Semundseth Sandberg,Semundseth,,10,145,Rosenborg,RBK,1,GK,a,,0,0,0,0,0,0,0,0,0,0,0,0,0.000000,0,44,0.3
220,67078,Iver,Fossum,Fossum,,10,145,Rosenborg,RBK,3,MID,i,Lår - Ute på ubestemt tid,833,3,3,4,10,0,0,0,0,0,0,0,0.000000,50,47,1.8
221,1688819,Emil,Konradsen Ceïde,E. Ceïde,,10,145,Rosenborg,RBK,3,MID,a,,1475,4,6,7,23,0,0,0,2,0,0,10,0.000000,88,78,13.9
222,1840518,Jesper,Reitan-Sunde,Reitan-Sunde,,10,145,Rosenborg,RBK,3,MID,i,Smell - Ute på ubestemt tid,95,0,1,0,3,0,0,0,2,0,0,0,0.000000,9,49,0.0
223,2017709,Noah,Sahsah,Sahsah,,10,145,Rosenborg,RBK,3,MID,a,,410,1,1,1,9,0,0,0,0,0,0,0,0.000000,22,60,0.1
224,200083,Ole,Selnæs,Selnæs,,10,145,Rosenborg,RBK,3,MID,a,,1082,0,6,4,14,0,0,0,2,0,0,6,0.000000,51,49,0.8
225,1962696,Santeri,Väänänen,Väänänen,,10,145,Rosenborg,RBK,3,MID,u,Overgang til Karlsruher,447,0,0,1,8,0,0,0,0,0,0,0,0.000000,13,49,0.0
226,1849238,Elias,Slørdal,Slørdal,,10,145,Rosenborg,RBK,3,MID,a,,0,0,0,0,0,0,0,0,0,0,0,0,0.000000,0,44,0.0
227,1862911,Isak,Holmen,Holmen,,10,145,Rosenborg,RBK,3,MID,a,,0,0,0,0,0,0,0,0,0,0,0,0,0.000000,0,43,0.0
228,320444,Aslak,Fonn Witry,Witry,,10,145,Rosenborg,RBK,2,DEF,a,,785,0,0,1,17,0,0,0,4,0,0,1,0.000000,14,54,2.0
229,2050711,Dávid,Duris,Duris,,10,145,Rosenborg,RBK,3,MID,a,,711,1,0,4,6,0,0,0,3,0,0,1,0.000000,25,68,1.3
230,1761642,Simen,Bolkan Nordli,Bolkan Nordli,,10,145,Rosenborg,RBK,3,MID,a,,554,4,0,2,9,0,0,0,2,0,0,3,0.000000,39,69,0.4
231,1941598,Aleksander,Borgersen,Borgersen,,10,145,Rosenborg,RBK,3,MID,a,,0,0,0,0,0,0,0,0,0,0,0,0,0.000000,0,48,0.0
232,1866330,Leopold,Wahlstedt,Wahlstedt,,10,145,Rosenborg,RBK,1,GK,a,,1620,0,0,6,26,0,0,0,1,0,55,1,0.000000,62,50,3.6
233,1808349,Haakon,Ingdal Sørum,Sørum,,10,145,Rosenborg,RBK,1,GK,a,,0,0,0,0,0,0,0,0,0,0,0,0,0.000000,0,38,0.3
234,1815091,Håkon,Røsten,Røsten,,6,306,KFUM Oslo,KFUM,2,DEF,a,,855,0,0,2,17,0,0,0,1,0,0,3,0.000000,23,43,0.2
235,163662,Jonas,Svensson,Svensson,,10,145,Rosenborg,RBK,2,DEF,i,Lår - Forventet tilbake 11. oktober,642,1,3,1,7,0,0,0,3,0,0,0,0.000000,31,50,2.2
236,2060192,Mads,Bomholt,Bomholt,,10,145,Rosenborg,RBK,3,MID,a,,1503,1,4,6,23,0,0,0,2,0,0,10,0.000000,66,65,2.7
237,2060228,Amin,Chiakha,Chiakha,,10,145,Rosenborg,RBK,3,MID,a,,1517,9,2,6,24,0,0,0,3,0,0,10,0.000000,99,79,31.2
238,1725695,Johan,Bakke,Bakke,,10,145,Rosenborg,RBK,3,MID,i,Smell - Ute resten av sesongen,276,0,0,0,8,0,0,0,0,0,0,0,0.000000,10,56,0.1
239,1661511,Jacob,Hanstad,Hanstad,,11,195,Sandefjord,SAN,3,MID,u,Overgang til Stabæk,57,0,0,0,0,0,0,0,1,0,0,0,0.000000,1,54,0.0
240,1536092,Stian,Kristiansen,Kristiansen,,8,177,Lillestrøm,LSK,2,DEF,a,,637,0,0,0,17,0,0,0,1,0,0,0,0.000000,10,42,7.9
241,1792894,Filip,Loftesnes-Bjune,Loftesnes-Bjune,,11,195,Sandefjord,SAN,2,DEF,d,Lår - Ute på ubestemt tid,34,0,0,0,0,0,0,0,0,0,0,0,0.000000,3,44,0.0
242,1658867,Fredrik,Carson Pedersen,Carson,,11,195,Sandefjord,SAN,2,DEF,a,,1683,0,0,5,24,0,0,0,2,0,0,1,0.000000,50,45,0.8
243,2031636,Zinedin,Smajlović,Smajlović,,11,195,Sandefjord,SAN,2,DEF,u,Overgang til Olympiakos,896,0,1,4,12,0,0,0,0,1,0,9,0.000000,41,52,4.7
244,1727187,Vetle,Walle Egeli,Walle Egeli,,11,195,Sandefjord,SAN,2,DEF,a,,1657,0,2,6,21,0,0,0,2,0,0,2,0.000000,62,47,4.8
245,1735316,Alf Lukas,Grønneberg,Grønneberg,,11,195,Sandefjord,SAN,1,GK,a,,0,0,0,0,0,0,0,0,0,0,0,0,0.000000,0,39,1.8
246,1866009,Elias,Hadaya,Hadaya,,11,195,Sandefjord,SAN,1,GK,a,,1710,0,0,5,24,0,0,0,3,0,65,2,0.000000,66,51,3.4
247,1646531,Jacob,Maslø Dunsby,Dunsby,,11,195,Sandefjord,SAN,3,MID,a,,904,0,1,3,13,0,0,0,3,0,0,0,0.000000,26,73,1.8
248,2029331,Robin,Dzabic,Dzabic,,11,195,Sandefjord,SAN,3,MID,u,På lån til Degerfors,93,0,0,0,1,0,0,0,0,0,0,0,0.000000,9,53,0.0
249,1718708,Sebastian,Holm Mathisen,Holm Mathisen,,11,195,Sandefjord,SAN,4,FWD,a,,401,2,0,0,9,0,0,0,1,0,0,0,0.000000,26,52,1.0
250,1626586,Marcus,Melchior,Melchior,,11,195,Sandefjord,SAN,3,MID,i,Kne - Ute resten av sesongen,707,0,0,2,11,0,0,0,2,0,0,3,0.000000,22,53,0.1
251,2031639,Evangelos,Patoulidis,Patoulidis,,11,195,Sandefjord,SAN,3,MID,a,,1289,3,1,5,18,0,0,0,1,0,0,3,0.000000,58,71,4.2
252,1622993,Sander,Risan Mørk,Risan Mørk,,11,195,Sandefjord,SAN,3,MID,a,,1675,1,0,5,23,0,0,0,1,0,0,6,0.000000,53,44,4.6
253,1858367,Bendik,Slotfeldt Berntsen,Berntsen,,11,195,Sandefjord,SAN,3,MID,a,,672,1,1,1,9,0,0,0,3,0,0,4,0.000000,32,59,0.1
254,1790155,Edvard,Sundbø Pettersen,Sundbø Pettersen,,11,195,Sandefjord,SAN,3,MID,a,,1302,1,1,4,17,0,0,0,4,0,0,0,0.000000,38,54,0.1
255,1779857,Håkon,Krogelien,Krogelien,,11,195,Sandefjord,SAN,2,DEF,a,,196,0,0,1,2,0,0,0,0,0,0,0,0.000000,11,39,0.8
256,2056085,Jakob,Vester,Vester,,11,195,Sandefjord,SAN,3,MID,a,,666,1,0,0,14,0,0,0,2,2,0,0,0.000000,15,57,0.2
257,1858377,Jakob,Swift,Swift,,11,195,Sandefjord,SAN,3,MID,a,,1,0,0,0,0,0,0,0,0,0,0,0,0.000000,1,42,0.2
258,2018028,Nikolaj,Duus Möller,Möller,,11,195,Sandefjord,SAN,4,FWD,i,Ankel - Ute på ubestemt tid,1042,3,0,5,13,0,0,1,3,0,0,0,0.000000,34,57,3.1
259,2060648,Xander,Lambrix,Lambrix,,11,195,Sandefjord,SAN,2,DEF,a,,1708,0,1,5,24,0,0,0,4,0,0,6,0.000000,56,44,2.8
260,1468007,Sondre,Sørli,Sørli,,12,797,Sarpsborg 08,S08,3,MID,a,,1557,3,5,5,22,0,0,0,1,0,0,6,0.000000,76,65,4.8
261,306540,Håvar,Jenssen,Jenssen,,6,306,KFUM Oslo,KFUM,1,GK,a,,720,0,0,1,18,0,0,0,0,0,26,0,0.000000,18,39,15.4
262,1697435,Sander,Christiansen,Christiansen,,12,797,Sarpsborg 08,S08,3,MID,a,,1301,1,1,4,19,0,0,0,2,0,0,4,0.000000,44,44,1.0
263,1696649,Anders,Hiim,Hiim,,12,797,Sarpsborg 08,S08,2,DEF,a,,1614,1,1,5,23,0,0,0,2,0,0,0,0.000000,56,45,2.8
264,2017593,Menno,Koch,Koch,,12,797,Sarpsborg 08,S08,2,DEF,u,Kontrakt utløpt,471,0,0,0,9,0,0,0,2,0,0,0,0.000000,10,42,1.5
265,207938,Magnar,Ødegård,Ødegård,,12,797,Sarpsborg 08,S08,2,DEF,u,Lagt opp,340,0,0,3,2,0,0,0,1,0,0,0,0.000000,23,44,0.2
266,1634211,Peter,Reinhardsen,Reinhardsen,,12,797,Sarpsborg 08,S08,2,DEF,a,,30,0,0,0,0,0,0,0,0,0,0,0,0.000000,2,50,0.1
267,1739749,Nikolai,Skuseth,Skuseth,,12,797,Sarpsborg 08,S08,2,DEF,u,På lån til Degerfors,15,0,0,0,1,0,0,0,0,0,0,0,0.000000,5,44,0.1
268,1556954,Eirik,Wichne,Wichne,,12,797,Sarpsborg 08,S08,2,DEF,a,,494,0,0,0,8,0,0,0,1,0,0,0,0.000000,15,48,0.5
269,214441,Jo Inge,Berget,Berget,,12,797,Sarpsborg 08,S08,3,MID,u,Kontrakt avsluttet,163,0,0,0,2,0,0,0,1,0,0,0,0.000000,7,65,0.8
270,1728468,Daniel,Karlsbakk,Karlsbakk,,12,797,Sarpsborg 08,S08,4,FWD,a,,1574,6,0,5,22,0,0,1,2,0,0,0,0.000000,56,88,17.2
271,1534993,Alagie,Sanyang,Sanyang,,12,797,Sarpsborg 08,S08,3,MID,u,Overgang til Stabæk,0,0,0,0,0,0,0,0,0,0,0,0,0.000000,0,50,0.0
272,1997548,Mamour,Ndiaye,Ndiaye,,12,797,Sarpsborg 08,S08,1,GK,u,Overgang til St. Etienne,900,0,0,1,12,0,1,0,3,1,34,3,0.000000,33,49,4.0
273,1568480,Leander,Øy,Øy,,12,797,Sarpsborg 08,S08,1,GK,a,,720,0,0,4,11,0,0,0,0,0,35,6,0.000000,42,44,8.0
274,2017629,Frederik,Carstensen,Carstensen,,12,797,Sarpsborg 08,S08,3,MID,i,Smell - Ute på ubestemt tid,0,0,0,0,0,0,0,0,0,0,0,0,0.000000,0,59,0.0
275,3396249,Martin,Håheim-Elveseter,Elveseter,,12,797,Sarpsborg 08,S08,3,MID,u,Utlån til Hødd,0,0,0,0,0,0,0,0,0,0,0,0,0.000000,0,50,0.0
276,1743719,Victor,Halvorsen,Halvorsen,,12,797,Sarpsborg 08,S08,3,MID,a,,1043,3,1,4,13,0,0,0,0,0,0,4,0.000000,53,54,0.7
277,95344,Niklas,Sandberg,Sandberg,,12,797,Sarpsborg 08,S08,3,MID,u,Overgang til FK Haugesund,0,0,0,0,0,0,0,0,0,0,0,0,0.000000,0,50,0.1
278,1994959,Aimar,Sher,Sher,,12,797,Sarpsborg 08,S08,3,MID,a,,1279,1,1,3,20,0,0,0,3,0,0,3,0.000000,41,47,0.3
279,1857200,Mathias,Svenningsen-Grønn,Svenningsen-Grønn,,12,797,Sarpsborg 08,S08,3,MID,i,Ankel - Forventet tilbake 18. oktober,20,0,0,0,1,0,0,0,0,0,0,0,0.000000,2,45,0.1
280,2017594,Carljohan,Eriksson,Eriksson,,12,797,Sarpsborg 08,S08,1,GK,u,Overgang til Nordsjælland,0,0,0,0,0,0,0,0,0,0,0,0,0.000000,0,44,0.2
281,2050918,Michael,Opoku,Opoku,,12,797,Sarpsborg 08,S08,3,MID,a,,222,0,1,0,3,0,0,0,0,0,0,0,0.000000,11,63,0.1
282,2050990,Andreas,Nibe,Nibe,,12,797,Sarpsborg 08,S08,3,MID,a,,1350,3,0,5,19,0,0,0,0,0,0,1,0.000000,56,52,0.2
283,107822,Bjørn Inge,Utvik,Utvik,,12,797,Sarpsborg 08,S08,2,DEF,a,,1530,0,1,5,21,0,0,0,4,0,0,10,0.000000,57,47,1.9
284,31810,Sigurd,Rosted,Rosted,,12,797,Sarpsborg 08,S08,2,DEF,i,Ankel - Ute på ubestemt tid,522,0,0,1,6,0,0,0,0,0,0,2,0.000000,17,42,0.3
285,1624129,Claus,Niyukuri,Niyukuri,,12,797,Sarpsborg 08,S08,2,DEF,a,,1146,1,4,4,16,0,0,0,2,0,0,10,0.000000,69,49,15.7
286,1779018,Jesper,Gregersen,Gregersen,,12,797,Sarpsborg 08,S08,3,MID,u,Utlån til Egersund,0,0,0,0,0,0,0,0,0,0,0,0,0.000000,0,45,0.1
287,2050851,Bop,Gueye,Gueye,,12,797,Sarpsborg 08,S08,3,MID,a,,75,0,0,0,2,0,0,0,0,0,0,0,0.000000,11,54,0.1
288,1927033,Noa,Williams,Williams,,12,797,Sarpsborg 08,S08,3,MID,a,,697,0,3,3,11,0,0,0,0,0,0,0,0.000000,36,62,0.4
289,2060159,Camil,Mmaee,Mmaee,,12,797,Sarpsborg 08,S08,3,MID,a,,29,0,1,0,1,0,0,0,0,0,0,0,0.000000,6,59,0.0
290,2018511,Jacob,Pryts Larsen,Pryts,,12,797,Sarpsborg 08,S08,1,GK,a,,1440,0,0,1,37,0,1,0,1,0,38,3,0.000000,35,45,3.0
291,1621400,Jasper,Silva Torkildsen,Torkildsen,,4,117,Fredrikstad,FFK,1,GK,a,,0,0,0,0,0,0,0,0,0,0,0,0,0.000000,0,39,11.4
292,1718858,Storm,Strand-Kolbjørnsen,Strand-Kolbjørnsen,,13,261,Start,STA,1,GK,a,,0,0,0,0,0,0,0,0,0,0,0,0,0.000000,0,39,0.7
293,1629145,Altin,Ujkani,Ujkani,,13,261,Start,STA,2,DEF,a,,451,1,0,1,7,0,0,0,1,1,0,0,0.000000,15,44,0.0
294,2027538,Omar,Jebali,Jebali,,13,261,Start,STA,2,DEF,u,Overgang til Moss,818,0,3,1,23,0,0,0,1,0,0,4,0.000000,28,42,1.6
295,85994,John Olav,Norheim,Norheim,,13,261,Start,STA,2,DEF,i,Arm - Ute på ubestemt tid,1126,0,0,1,28,0,0,0,2,0,0,0,0.000000,17,44,0.3
296,2018020,Sebastian,Griesbeck,Griesbeck,,13,261,Start,STA,2,DEF,a,,287,0,0,0,11,0,0,0,1,0,0,0,0.000000,5,43,0.0
297,1561912,Kristoffer,Tønnessen,Tønnessen,,13,261,Start,STA,2,DEF,i,Legg - Forventet tilbake 11. oktober,443,0,0,0,8,0,0,0,1,0,0,0,0.000000,7,44,0.3
298,2058446,Johan,Meyer,Meyer,,13,261,Start,STA,2,DEF,a,,24,0,0,0,0,0,0,0,0,0,0,0,0.000000,2,44,0.0
299,2030215,Steve,Mvoué,Mvoué,,13,261,Start,STA,3,MID,a,,727,2,0,1,14,0,0,0,4,0,0,0,0.000000,25,43,0.4
300,2050509,Markus,Soomets,Soomets,,13,261,Start,STA,3,MID,u,Overgang til Kolding IF,479,0,0,0,14,0,0,0,0,0,0,0,0.000000,14,43,0.1
301,1619929,Mikael,Ugland,Ugland,,13,261,Start,STA,3,MID,a,,1194,0,1,1,27,0,0,0,3,0,0,1,0.000000,31,49,0.2
302,3078041,Adrian,Eftestad Nilsen,Nilsen,,13,261,Start,STA,3,MID,u,Overgang til Arendal,0,0,0,0,0,0,0,0,0,0,0,0,0.000000,0,45,0.0
303,1859290,Lukas,Hjelleset Gausdal,Gausdal,,13,261,Start,STA,3,MID,u,På lån til Sogndal,261,0,0,0,10,0,0,0,0,0,0,0,0.000000,10,43,0.1
304,303058,Erlend,Segberg,Segberg,,13,261,Start,STA,3,MID,a,,1542,2,3,1,33,0,0,0,3,0,0,4,0.000000,57,44,1.4
305,1773740,Alexander,Gurendal,Gurendal,,13,261,Start,STA,4,FWD,u,På lån til Hønefoss,52,0,0,0,2,0,0,0,1,0,0,0,0.000000,4,49,0.1
306,1621712,Deni,Alijevitsj Dasjajev,Dasjajev,,13,261,Start,STA,2,DEF,a,,310,1,0,0,6,0,0,0,2,0,0,0,0.000000,11,44,0.1
307,296226,Fredrik,Pålerud,Pålerud,,13,261,Start,STA,2,DEF,a,,155,0,0,0,6,0,0,0,1,0,0,0,0.000000,6,45,0.0
308,1753659,Ousmane,Diallo Toure,Diallo,,13,261,Start,STA,2,DEF,a,,1069,2,0,0,30,0,0,0,3,1,0,1,0.000000,26,44,0.2
309,1958396,Tom,Strannegård,Strannegård,,13,261,Start,STA,2,DEF,u,Overgang til FC Thun,1508,2,4,1,37,0,0,0,0,0,0,8,0.000000,57,46,1.4
310,1821112,Felix,Kutsche Eriksen,Eriksen,,13,261,Start,STA,4,FWD,u,På lån i Ull/Kisa,0,0,0,0,0,0,0,0,0,0,0,0,0.000000,0,45,0.6
311,1788965,Marius,Nordal,Nordal,,13,261,Start,STA,4,FWD,a,,9,0,0,0,0,0,0,0,0,0,0,0,0.000000,1,45,0.5
312,2057372,Jesper,Cornelius,Cornelius,,13,261,Start,STA,4,FWD,a,,1520,4,3,1,32,0,0,1,1,0,0,10,0.000000,69,60,6.3
313,88873,Eirik,Schulze,Schulze,,13,261,Start,STA,3,MID,a,,915,1,2,0,24,0,0,0,2,0,0,1,0.000000,35,57,1.0
314,319803,Håkon,Lorentzen,Lorentzen,,13,261,Start,STA,4,FWD,a,,1242,3,3,1,25,0,0,0,0,0,0,0,0.000000,52,53,5.2
315,1553018,Erlend,Dahl Reitan,Reitan,,13,261,Start,STA,2,DEF,a,,1541,2,0,1,35,0,0,0,7,0,0,4,0.000000,36,43,2.2
316,1575549,Jens,Berland Husebø,Husebø,,13,261,Start,STA,2,DEF,a,,560,0,0,0,13,0,0,0,0,0,0,0,0.000000,11,43,0.2
317,1718369,Sander,Håvik Innvær,Innvær,,14,2,Tromsø,TIL,2,DEF,a,,479,1,1,3,8,0,0,0,1,0,0,3,0.000000,36,47,0.4
318,1618096,Leo,Cornic,Cornic,,3,298,Brann,BRA,2,DEF,a,,1311,0,2,9,12,0,0,0,3,0,0,1,0.000000,68,63,26.9
319,1660513,Tobias,Guddal,Guddal,,14,2,Tromsø,TIL,2,DEF,u,Overgang til Sparta Praha,1350,0,2,8,15,0,0,0,2,0,0,5,0.000000,67,52,16.5
320,1637738,Vetle,Skjærvik,Skjærvik,,14,2,Tromsø,TIL,2,DEF,i,Ankel - Foventet tilbake 11. oktober,1204,1,2,6,14,0,0,0,0,0,0,1,0.000000,61,49,6.4
321,1772935,Isak,Vådebu,Vådebu,,14,2,Tromsø,TIL,2,DEF,a,,1221,1,0,7,18,1,0,0,1,0,0,4,0.000000,59,50,1.8
322,1937139,Jakob,Rønning Haugaard,Rønning Haugaard,,14,2,Tromsø,TIL,1,GK,a,,1559,0,1,9,17,0,0,0,0,0,39,4,0.000000,81,50,31.8
323,2018039,David,Edvardsson,Edvardsson,,14,2,Tromsø,TIL,3,MID,a,,1558,1,3,9,17,0,0,0,3,0,0,2,0.000000,57,49,2.6
324,1816761,Jens,Hjertø-Dahl,Hjertø-Dahl,,14,2,Tromsø,TIL,3,MID,u,Overgang til Hull City,1195,7,2,8,14,0,0,0,1,0,0,8,0.000000,84,69,22.7
325,180293,Ruben,Yttergård Jenssen,Y. Jenssen,,14,2,Tromsø,TIL,3,MID,a,,1545,1,6,9,17,0,0,0,0,0,0,13,0.000000,81,60,11.4
326,1777985,Daniel,Braut,Braut,,14,2,Tromsø,TIL,4,FWD,i,Hofte - Ute på ubestemt tid,513,2,1,2,9,0,0,0,0,0,0,0,0.000000,30,60,4.7
327,58431,Ole Kristian,Lauvli,Lauvli,,14,2,Tromsø,TIL,1,GK,a,,60,0,0,0,3,0,0,0,0,0,0,0,0.000000,1,43,0.2
328,2037634,Abubacarr Sedi,Kinteh,Kinteh,,14,2,Tromsø,TIL,2,DEF,u,Overgang til Al-Ahli Saudi FC,598,0,0,3,6,0,0,0,0,0,0,8,0.000000,34,48,2.3
329,1875477,Mads,Mikkelsen,M. Mikkelsen,,14,2,Tromsø,TIL,3,MID,a,,7,0,0,0,0,0,0,0,0,0,0,0,0.000000,2,44,0.1
330,2050681,Alexander,Warneryd,Warneryd,,14,2,Tromsø,TIL,2,DEF,a,,1215,5,4,7,17,0,0,0,1,1,0,13,0.000000,102,65,31.9
331,1584648,Lars,Olden Larsen,Olden Larsen,,14,2,Tromsø,TIL,3,MID,a,,1138,1,3,7,11,0,0,0,2,0,0,1,0.000000,48,68,2.7
332,1684044,Johan,Solstad-Nøis,Solstad-Nøis,,14,2,Tromsø,TIL,3,MID,u,Lån til Lyn,7,0,0,0,0,0,0,0,0,0,0,0,0.000000,2,44,0.1
333,1748988,Mathias,Tønnessen,Tønnessen,,14,2,Tromsø,TIL,2,DEF,i,Lår - Foventet tilbake 11. oktober,282,0,0,1,7,0,0,0,1,0,0,0,0.000000,9,48,0.7
334,1656521,Jesper,Grundt,Grundt,,14,2,Tromsø,TIL,3,MID,a,,11,0,0,0,0,0,0,0,0,0,0,0,0.000000,3,58,0.0
335,1806511,Troy,Engseth Nyhammer,Nyhammer,,14,2,Tromsø,TIL,3,MID,a,,628,3,3,1,10,0,0,0,1,0,0,1,0.000000,45,58,0.4
336,1727392,Heine,Åsen Larsen,Larsen,,14,2,Tromsø,TIL,3,MID,a,,1303,8,2,8,14,0,0,0,3,0,0,11,0.000000,96,64,23.6
337,2061107,Viktor,Ekblom,Ekblom,,14,2,Tromsø,TIL,4,FWD,u,På lån til Örgryte IS,26,0,0,0,0,0,0,0,0,0,0,0,0.000000,1,64,0.1
338,2061421,Abderrahmane,Sarr,Sarr,,14,2,Tromsø,TIL,1,GK,u,På lån til Raufoss,0,0,0,0,0,0,0,0,0,0,0,0,0.000000,0,39,0.3
339,97924,Kristoffer,Haugen,K. Haugen,,15,198,Viking,VIK,2,DEF,i,Smell - Forventet tilbake 13. september,1076,1,1,4,12,0,0,0,1,0,0,0,0.000000,47,61,4.4
340,92383,Veton,Berisha,Berisha,,15,198,Viking,VIK,4,FWD,i,Lår - Ute på ubestemt tid,8,0,0,0,0,0,0,0,0,0,0,0,0.000000,1,80,0.2
341,1928487,Anders,Bærtelsen,Bærtelsen,,15,198,Viking,VIK,2,DEF,i,Fot - Forventet tilbake 8. november,513,0,0,0,5,0,0,0,1,0,0,0,0.000000,14,47,0.4
342,1638744,Ruben,Alte,Alte,,15,198,Viking,VIK,3,MID,u,På lån til Viborg FF,825,1,1,4,10,0,0,0,2,0,0,7,0.000000,39,56,0.9
343,97605,Sondre,Flem Bjørshol,Bjørshol,,15,198,Viking,VIK,2,DEF,i,Smell - Ute på ubestemt tid,398,1,1,2,3,0,0,0,2,0,0,0,0.000000,31,58,2.1
344,1704717,Henrik,Falchener,Falchener,,15,198,Viking,VIK,2,DEF,i,Lår - Forventet tilbake 13. september,961,2,1,3,11,0,0,0,2,0,0,6,0.000000,50,63,23.8
345,1612395,Herman,Haugen,H. Haugen,,15,198,Viking,VIK,2,DEF,a,,514,0,1,1,6,0,0,0,1,0,0,0,0.000000,25,48,0.3
346,1662744,Henrik,Heggheim,Heggheim,,15,198,Viking,VIK,2,DEF,a,,1310,4,2,5,15,0,0,0,4,0,0,8,0.000000,84,63,31.2
347,1779112,Tobias Saliou Moi,Séne,Moi,,15,198,Viking,VIK,3,MID,a,,809,0,0,4,8,0,0,0,4,0,0,1,0.000000,22,44,0.6
348,1926835,Gianni Ryan,Stensness,Stensness,,15,198,Viking,VIK,2,DEF,a,,1485,3,0,4,18,0,0,0,4,0,0,3,0.000000,62,58,8.0
349,1784442,Vetle,Auklend,Auklend,,15,198,Viking,VIK,2,DEF,a,,619,0,0,0,7,0,0,0,0,0,0,0,0.000000,19,48,0.5
350,1606686,Viljar,Helland Vevatne,H. Vevatne,,15,198,Viking,VIK,2,DEF,a,,105,0,0,1,0,0,0,0,0,0,0,0,0.000000,10,44,0.1
351,1964671,Hilmir,Mikaelsson,Mikaelsson,,15,198,Viking,VIK,4,FWD,u,Overgang til SK Sigma Olomouc,92,0,0,0,2,0,0,0,0,0,0,0,0.000000,4,55,1.1
352,2060393,Ludomir,Belko,Belko,,15,198,Viking,VIK,1,GK,a,,990,0,0,2,12,0,1,0,0,0,23,0,0.000000,38,53,4.8
353,97901,Arild,Østbø,Østbø,,15,198,Viking,VIK,1,GK,a,,720,0,0,3,7,0,0,0,1,0,22,2,0.000000,30,43,6.7
354,1758692,Edvin,Austbø,Austbø,,15,198,Viking,VIK,3,MID,u,Overgang til West Ham,658,2,1,3,6,0,0,0,2,0,0,0,0.000000,32,85,1.4
355,1886738,Joe,Bell,Bell,,15,198,Viking,VIK,3,MID,a,,888,0,1,2,12,0,0,0,0,0,0,2,0.000000,30,54,7.3
356,2004140,Peter,Christiansen,Christiansen,,15,198,Viking,VIK,4,FWD,a,,1556,9,6,5,17,0,0,0,2,0,0,11,0.000000,99,107,37.0
357,1814041,Niklas,Fuglestad,Fuglestad,,15,198,Viking,VIK,3,MID,a,,609,2,2,2,7,0,0,0,0,0,0,3,0.000000,42,59,1.7
358,1802598,Jakob,Segadal Hansen,Hansen,,15,198,Viking,VIK,3,MID,a,,186,0,0,0,4,0,0,0,0,0,0,0,0.000000,8,53,0.1
359,1703697,Simen,Kvia-Egeskog,Kvia,,15,198,Viking,VIK,3,MID,a,,1412,7,3,6,13,0,0,0,2,0,0,5,0.000000,87,65,6.9
360,91490,Zlatko,Tripic,Tripic,,15,198,Viking,VIK,3,MID,a,,1503,6,19,6,16,0,0,2,7,0,0,24,0.000000,141,127,66.3
361,1840204,Ola,Visted,Visted,,15,198,Viking,VIK,3,MID,a,,270,0,0,0,2,0,0,0,1,0,0,0,0.000000,12,51,0.0
362,1574784,Martin Ove,Roseth,Roseth,,15,198,Viking,VIK,2,DEF,i,Kne - Forventet tilbake 13. september,0,0,0,0,0,0,0,0,0,0,0,0,0.000000,0,55,0.1
363,1676656,Kristoffer,Askildsen,Askildsen,,15,198,Viking,VIK,3,MID,a,,1504,5,2,5,18,0,0,0,7,0,0,9,0.000000,74,65,3.5
364,189628,Vegard,Eggen Hedenstad,Hedenstad,,16,169882,Vålerenga,VIF,2,DEF,a,,190,0,0,0,5,0,0,0,1,0,0,0,0.000000,5,41,0.9
365,1673569,Sebastian,Jarl,Jarl,,16,169882,Vålerenga,VIF,2,DEF,a,,477,0,0,0,13,0,0,0,1,1,0,0,0.000000,2,44,0.3
366,1549402,Aaron,Kiil Olsen,K. Olsen,,16,169882,Vålerenga,VIF,2,DEF,a,,1505,0,0,3,35,0,0,0,5,0,0,0,0.000000,27,44,7.1
367,2029333,Noah,Pallas,Pallas,,16,169882,Vålerenga,VIF,2,DEF,u,På lån til Ranheim,0,0,0,0,0,0,0,0,0,0,0,0,0.000000,0,45,0.0
368,1640056,Magnus,Sjøeng,Sjøeng,,16,169882,Vålerenga,VIF,1,GK,d,Smell - 50 % sjanse for å spille,0,0,0,0,0,0,0,0,0,0,0,0,0.000000,0,43,0.8
369,2059972,Magnus,Westergaard,Westergaard,,16,169882,Vålerenga,VIF,3,MID,a,,1086,1,1,2,28,0,0,0,2,0,0,1,0.000000,37,52,0.2
370,2003707,Brice,Ambina,Ambina,,16,169882,Vålerenga,VIF,3,MID,i,Lår - Forventet tilbake 20. september,600,0,1,1,10,0,0,0,3,0,0,0,0.000000,20,53,0.2
371,1575610,Henrik,Bjørdal,Bjørdal,,15,198,Viking,VIK,3,MID,a,,1340,2,7,3,31,0,0,0,2,1,0,6,0.000000,67,62,4.6
372,37880,Elias,Hagen,Hagen,,1,15,Aalesund,AaFK,3,MID,a,,1490,2,1,1,36,0,0,0,2,0,0,0,0.000000,46,47,0.4
373,2017587,Carl,Lange,Lange,,16,169882,Vålerenga,VIF,3,MID,d,,1513,6,1,3,35,0,0,0,3,0,0,9,0.000000,78,50,7.8
374,4063225,Obasi,Onyebuchi,Onyebuchi,,16,169882,Vålerenga,VIF,3,MID,u,Overgang til Hobro,0,0,0,0,0,0,0,0,0,0,0,0,0.000000,0,50,0.0
375,1831341,Stian,Sjøvold,Sjøvold,,16,169882,Vålerenga,VIF,3,MID,a,,0,0,0,0,0,0,0,0,0,0,0,0,0.000000,0,50,0.1
376,2029335,Elias,Sørensen,Sørensen,,16,169882,Vålerenga,VIF,3,MID,u,Overgang til PEC Zwolle,530,1,0,2,8,0,0,1,1,0,0,0,0.000000,17,70,10.8
377,199000,Petter,Strand,Strand,,16,169882,Vålerenga,VIF,2,DEF,a,,655,1,1,0,22,0,0,0,0,0,0,0,0.000000,24,47,0.8
378,1802439,Filip,Thorvaldsen,Thorvaldsen,,16,169882,Vålerenga,VIF,3,MID,u,Overgang til Twente,859,3,1,3,14,0,0,0,0,0,0,3,0.000000,47,72,2.6
379,2031170,Kevin,Tshiembe,Tshiembe,,16,169882,Vålerenga,VIF,2,DEF,a,,325,0,0,0,7,0,0,0,1,0,0,0,0.000000,9,45,0.0
380,1706837,Håkon,Sjåtil,Sjåtil,,16,169882,Vålerenga,VIF,2,DEF,a,,1007,0,0,3,23,0,0,0,2,0,0,1,0.000000,29,43,0.9
381,1571045,Mohamed,Ofkir,Ofkir,,5,63,HamKam,HAM,3,MID,a,,271,2,3,0,11,0,0,0,0,0,0,0,0.000000,27,65,0.1
382,1561501,Mathias,Grundetjern,Grundetjern,,16,169882,Vålerenga,VIF,4,FWD,s,Suspendert - Tilbake 12. september,1315,5,4,4,29,0,0,0,4,0,0,4,0.000000,65,76,5.7
383,2050550,Oscar,Hedvall,Hedvall,,16,169882,Vålerenga,VIF,1,GK,a,,1620,0,0,2,38,0,1,0,0,0,64,9,0.000000,58,49,8.0
384,2051483,Promise,Meliga,Meliga Jr.,,16,169882,Vålerenga,VIF,3,MID,u,Overgang til KFUM - utilgjengelig for spill ut 2026,237,3,0,0,4,0,0,0,2,0,0,6,0.000000,28,60,1.6
385,312482,Ivan,Näsberg,Fjellstad Näsberg,,16,169882,Vålerenga,VIF,2,DEF,a,,1291,1,0,2,32,0,0,0,3,1,0,4,0.000000,30,43,4.6
386,2060135,Kolbeinn,Finnsson,Finnsson,,16,169882,Vålerenga,VIF,2,DEF,a,,1530,0,6,2,35,0,0,0,5,0,0,3,0.000000,44,51,1.9
387,316758,Ole Christian,Sæter,Sæter,,16,169882,Vålerenga,VIF,4,FWD,a,,151,0,1,0,1,0,0,0,1,0,0,0,0.000000,10,77,7.4
388,1997560,Lucas,Ravn-Haren,Haren,,16,169882,Vålerenga,VIF,3,MID,a,,1067,8,1,1,25,0,0,1,1,0,0,2,0.000000,70,66,1.7
389,1908479,Evenezer,Awasum Forcha,Awasum,,16,169882,Vålerenga,VIF,3,MID,a,,0,0,0,0,0,0,0,0,0,0,0,0,0.000000,0,44,0.2
390,1895722,Alexander,Ordal,Ordal,,16,169882,Vålerenga,VIF,1,GK,a,,0,0,0,0,0,0,0,0,1,0,0,0,0.000000,-1,40,0.7
391,1946339,Gabriel,Rajkovic,Rajkovic,,16,169882,Vålerenga,VIF,3,MID,a,,257,1,1,0,13,0,0,0,1,0,0,1,0.000000,19,51,0.5
392,1604032,Kristoffer,Klaesson,Klaesson,,1,15,Aalesund,AaFK,1,GK,u,Lagt opp,990,0,0,0,20,0,1,0,2,0,40,0,0.000000,28,46,6.5
393,1615177,Tor Erik,Larsen,Larsen,,1,15,Aalesund,AaFK,1,GK,a,,180,0,0,0,8,0,0,0,0,0,12,0,0.000000,3,39,3.5
394,2057342,Emil,Engqvist,Engqvist,,1,15,Aalesund,AaFK,2,DEF,a,,647,0,0,0,23,1,0,0,2,0,0,0,0.000000,5,43,0.1
395,2024803,Ólafur,Gudmundsson,Gudmundsson,,1,15,Aalesund,AaFK,2,DEF,a,,1292,0,0,1,30,0,0,0,3,0,0,1,0.000000,19,43,0.1
396,1809949,Simen,Haram,Haram,,1,15,Aalesund,AaFK,2,DEF,a,,955,0,1,0,22,0,0,0,1,0,0,1,0.000000,19,44,0.2
397,1754125,Aleksander,Hammer Kjelsen,Kjelsen,,1,15,Aalesund,AaFK,2,DEF,i,Lår - Ute på ubestemt tid,1100,0,0,0,22,0,0,0,3,0,0,0,0.000000,15,44,0.3
398,1723137,Erik,Frøysa,Frøysa,,1,15,Aalesund,AaFK,2,DEF,u,På lån til Raufoss,0,0,0,0,0,0,0,0,0,0,0,0,0.000000,0,40,0.3
399,1704880,Jørgen,Bøe,Bøe,,1,15,Aalesund,AaFK,2,DEF,u,På lån til Træff,0,0,0,0,0,0,0,0,0,0,0,0,0.000000,0,40,0.2
400,1541202,Philip,Aukland,Aukland,,1,15,Aalesund,AaFK,2,DEF,a,,382,0,0,0,10,0,0,0,1,0,0,0,0.000000,6,45,0.1
401,1669076,Håkon,Hammer,Hammer,,1,15,Aalesund,AaFK,3,MID,i,Smell - Ute på ubestemt tid,721,0,2,0,23,0,0,0,1,0,0,0,0.000000,26,42,1.3
402,1579692,Henrik,Melland,Melland,,8,177,Lillestrøm,LSK,3,MID,a,,883,3,1,0,27,0,0,0,2,0,0,1,0.000000,41,58,0.9
403,1992769,Davíd,Jóhannsson,Jóhannsson,,1,15,Aalesund,AaFK,3,MID,u,På lån til Bryne,520,0,1,0,11,0,0,0,4,0,0,0,0.000000,14,49,0.1
404,2025428,Mathias,Kristensen,Kristensen,,1,15,Aalesund,AaFK,3,MID,i,Smell - Ute på ubestemt tid,13,0,0,0,2,0,0,0,0,0,0,0,0.000000,1,49,0.0
405,2050493,Mathias,Christensen,Christensen,,1,15,Aalesund,AaFK,3,MID,a,,1454,7,3,1,32,0,0,0,5,0,0,6,0.000000,81,56,1.3
406,2017671,Janus,Seehusen,Seehusen,,1,15,Aalesund,AaFK,3,MID,i,Smell - Ute på ubestemt tid,0,0,0,0,0,0,0,0,0,0,0,0,0.000000,0,44,0.0
407,19242,Marius,Andresen,Andresen,,1,15,Aalesund,AaFK,2,DEF,a,,645,0,2,1,12,0,0,0,3,0,0,2,0.000000,24,43,0.1
408,175885,Kristoffer,Nessø,Nessø,,1,15,Aalesund,AaFK,2,DEF,a,,984,0,0,1,27,0,0,0,0,0,0,0,0.000000,22,45,0.1
409,1646963,Jakob,Nyland Ørsahl,Ørsahl,,1,15,Aalesund,AaFK,2,DEF,a,,501,1,3,0,13,0,0,0,1,0,0,0,0.000000,23,47,0.3
410,1763178,Endre,Osenbroch,Osenbroch,,1,15,Aalesund,AaFK,3,MID,a,,1139,5,6,0,32,0,0,0,1,0,0,8,0.000000,80,49,6.8
411,2051937,Ivan,Djantou,Djantou,,1,15,Aalesund,AaFK,4,FWD,i,Annet - Ikke i tropp,237,1,1,0,7,0,0,0,0,0,0,0,0.000000,19,52,0.6
412,2019017,Paul,Ngongo,Ngongo,,1,15,Aalesund,AaFK,4,FWD,i,Smell - Forventet tilbake 19. september,0,0,0,0,0,0,0,0,0,0,0,0,0.000000,0,55,0.1
413,1724753,Elias,Myrlid,Myrlid,,1,15,Aalesund,AaFK,4,FWD,a,,191,0,0,0,9,0,0,0,1,0,0,0,0.000000,13,48,0.7
414,1671654,Kristian,Lonebu,Lonebu,,9,3,Molde,MOL,4,FWD,a,,1265,5,1,1,31,0,0,0,0,0,0,2,0.000000,55,62,12.2
415,1702406,Ulrik,Syversen,Syversen,,1,15,Aalesund,AaFK,2,DEF,a,,463,0,1,0,18,1,0,0,1,0,0,0,0.000000,6,44,0.1
416,1584612,John Shuguto,Kitolano,J. Kitolano,,7,785,Kristiansund,KBK,2,DEF,a,,64,0,0,0,1,0,0,0,0,0,0,0,0.000000,2,43,0.1
417,306201,Anders,Trondsen,Trondsen,,5,63,HamKam,HAM,3,MID,a,,594,1,0,1,8,0,0,0,2,0,0,0,0.000000,22,48,0.1
418,1974569,Leonard,Owusu,L. Owusu,,4,117,Fredrikstad,FFK,3,MID,a,,818,0,1,0,19,0,0,0,1,0,0,0,0.000000,22,43,0.7
419,1900515,Marcus Haagensen,Reed,Reed,,1,15,Aalesund,AaFK,4,FWD,a,,629,3,1,1,11,0,0,0,2,0,0,6,0.000000,34,48,7.6
420,292728,Vebjørn Alvestad,Hoff,Hoff,,9,3,Molde,MOL,3,MID,i,Kne - Ute resten av sesongen,902,1,0,2,13,0,0,0,0,0,0,1,0.000000,30,43,0.5
421,2038349,Wolji Jalal,Abdullai,Abdullai,,9,3,Molde,MOL,4,FWD,a,,758,2,2,0,18,0,0,0,2,0,0,2,0.000000,34,80,1.3
422,2064331,Foster,Apetorgbor,Foster,,11,195,Sandefjord,SAN,3,MID,a,,175,1,2,0,2,0,0,0,3,0,0,0,0.000000,16,55,0.0
423,1825220,Julian,Lægreid,Lægreid,,3,298,Brann,BRA,4,FWD,a,,4,0,0,0,0,0,0,0,0,0,0,0,0.000000,1,50,0.0
424,1850812,Aksel Nordvik,Brattøy,Brattøy,,7,785,Kristiansund,KBK,2,DEF,a,,0,0,0,0,0,0,0,0,0,0,0,0,0.000000,0,39,0.1
425,2063666,Trent Toure,Koné-Doherty,Koné-Doherty,,9,3,Molde,MOL,3,MID,a,,441,2,2,0,13,0,0,1,0,0,0,0,0.000000,31,62,0.1
426,2065583,Banhourin Chris Emmanuel,Kouakou,Kouakou,,12,797,Sarpsborg 08,S08,3,MID,u,Overgang til Ironi Tiberias,0,0,0,0,0,0,0,0,0,0,0,0,0.000000,0,43,0.0
427,1928531,Filip Strømland,Lien,Lien,,13,261,Start,STA,3,MID,i,Fot - Forventet tilbake 20. september,7,0,0,0,2,0,0,0,0,0,0,0,0.000000,2,45,0.0
428,1987320,James,Ampofo,Ampofo,,13,261,Start,STA,4,FWD,u,Lån avsluttet,598,0,0,0,22,0,0,0,1,0,0,0,0.000000,19,54,0.0
429,1704537,Odin Thiago,Holm,Holm,,16,169882,Vålerenga,VIF,3,MID,a,,132,0,0,0,4,0,0,0,0,0,0,0,0.000000,9,52,0.0
430,2068160,Rabbi,Matondo,Matondo,,3,298,Brann,BRA,3,MID,u,Kontrakt avsluttet,30,0,0,0,1,0,0,0,0,0,0,0,0.000000,3,60,0.0
431,2068039,Cheikh Mbacke,Diop,Diop,,1,15,Aalesund,AaFK,2,DEF,a,,313,0,0,1,6,0,0,0,2,0,0,0,0.000000,7,43,0.1
432,1,,,Duplicate,,2,4,Bodø/Glimt,B/G,4,FWD,u,,0,0,0,0,0,0,0,0,0,0,0,0,0.000000,0,10,0.0
433,2068207,Gustav,Højbjerg,Højbjerg,,11,195,Sandefjord,SAN,2,DEF,a,,59,0,0,0,1,0,0,0,0,0,0,0,0.000000,4,45,0.0
434,1602929,Ola,Brynhildsen,Brynhildsen,,2,4,Bodø/Glimt,B/G,4,FWD,a,,631,1,3,6,4,0,0,0,0,0,0,0,0.000000,34,98,1.3
435,2018916,Mame Alassane,Niang,Niang,,5,63,HamKam,HAM,4,FWD,u,Overgang til Porto,897,6,0,3,19,0,0,0,0,0,0,5,0.000000,50,54,2.3
436,1873301,Jonathan Vonheim,Norbye,Norbye,,4,117,Fredrikstad,FFK,2,DEF,u,Lån avsluttet,467,0,0,0,9,0,0,0,1,0,0,0,0.000000,9,45,0.0
437,1892852,Jonathan Heggem,Fugelsnes,Fugelsnes,,9,3,Molde,MOL,3,MID,a,,0,0,0,0,0,0,0,0,0,0,0,0,0.000000,0,45,0.0
438,1929792,Daniel Risan,Nakken,Nakken,,9,3,Molde,MOL,2,DEF,a,,0,0,0,0,0,0,0,0,0,0,0,0,0.000000,0,40,0.0
439,1879252,Ulrik,Hald-Hernes,Hald-Hernes,,10,145,Rosenborg,RBK,2,DEF,a,,0,0,0,0,0,0,0,0,0,0,0,0,0.000000,0,40,0.0
440,1945154,Patrick Robert,Metcalfe,Metcalfe,,5,63,HamKam,HAM,3,MID,a,,1206,1,5,3,22,0,0,0,1,0,0,2,0.000000,51,50,0.1
441,1723987,Igor Fabian,Gosik,Gosik,,9,3,Molde,MOL,4,FWD,a,,65,0,0,0,1,0,0,0,0,0,0,0,0.000000,2,50,0.0
442,1810658,Sigurd Jacobsen,Prestmo,Prestmo,,14,2,Tromsø,TIL,3,MID,u,Lån til Moss,27,0,0,0,0,0,0,0,0,0,0,0,0.000000,3,45,0.0
443,1888487,Jacob Nordbø,Middelthon,Nordbø Middelthon,,15,198,Viking,VIK,3,MID,a,,0,0,0,0,0,0,0,0,0,0,0,0,0.000000,0,45,0.0
444,1932127,Arn-Sebastian,Wiik Escobar,Wiik Escobar,,15,198,Viking,VIK,1,GK,a,,0,0,0,0,0,0,0,0,0,0,0,0,0.000000,0,40,0.0
445,2065152,Kelvin Ansah,Frimpong,Frimpong,,15,198,Viking,VIK,3,MID,a,,0,0,0,0,0,0,0,0,0,0,0,0,0.000000,0,60,0.0
446,2068206,David Akparakpa,Benjamin,Benjamin,,5,63,HamKam,HAM,4,FWD,a,,243,0,1,0,6,0,0,0,1,0,0,0,0.000000,9,55,0.1
447,1611076,Erlend,Jacobsen,Jacobsen,,15,198,Viking,VIK,1,GK,a,,0,0,0,0,0,0,0,0,0,0,0,0,0.000000,0,40,0.0
448,1618831,Joshua Gaston,Kitolano,Kitolano,,2,4,Bodø/Glimt,B/G,3,MID,a,,194,0,0,1,2,0,0,0,0,0,0,2,0.000000,10,62,0.0
449,1857440,Daniel Johan,Skaarud,Skaarud,,11,195,Sandefjord,SAN,3,MID,a,,21,0,0,0,1,0,0,0,0,0,0,0,0.000000,2,55,0.0
450,2080838,Isak Mikael,Dahlqvist,Dahlqvist,,14,2,Tromsø,TIL,2,DEF,a,,169,0,1,0,4,0,0,0,0,0,0,0,0.000000,7,55,0.8
451,2079073,Gabriel Juty,Wesseh,Wesseh,,4,117,Fredrikstad,FFK,3,MID,a,,268,1,1,0,3,0,0,0,0,0,0,0,0.000000,15,55,0.2
452,103279,MARIUS,LODE,Lode,,12,797,Sarpsborg 08,S08,2,DEF,a,,383,0,0,1,7,0,0,0,0,0,0,0,0.000000,11,45,0.0
453,2080781,Gustav,Nordh,Nordh,,8,177,Lillestrøm,LSK,3,MID,a,,49,0,0,0,1,0,0,0,0,0,0,0,0.000000,4,60,0.0
454,2080832,Luca,Podlech,Podlech,,1,15,Aalesund,AaFK,1,GK,a,,540,0,0,1,15,0,1,0,0,0,28,0,0.000000,23,45,0.1
455,2030842,Ieltsin Jeronimo,Semedo Camões,Camões,,14,2,Tromsø,TIL,4,FWD,u,Utlån til Slạsk,79,2,1,0,2,0,0,0,0,0,0,0,0.000000,15,75,0.7
456,2080836,Romano Ceciel,Postema,Postema,,15,198,Viking,VIK,4,FWD,a,,54,0,0,0,1,0,0,0,0,0,0,0,0.000000,4,77,0.0
457,2080837,Amin,Cosic,Cosic,,15,198,Viking,VIK,3,MID,a,,66,0,0,0,1,0,0,0,0,0,0,0,0.000000,3,65,0.0
458,1687338,Mathias Johan Fjørtoft,Løvik,Fjørtoft Løvik,,9,3,Molde,MOL,2,DEF,a,,249,0,0,0,7,0,0,0,3,0,0,0,0.000000,3,53,0.1
459,2018118,Seydina Mohamed,Diop,Diop,,9,3,Molde,MOL,3,MID,i,Smell - Trolig ute resten av sesongen,55,1,0,0,1,0,0,0,0,0,0,0,0.000000,8,67,0.0
460,1566067,Olaus Jair,Skarsem,Skarsem,,12,797,Sarpsborg 08,S08,3,MID,a,,299,0,0,1,3,0,0,0,1,0,0,1,0.000000,10,55,0.0
461,2080757,Devon Lloyd,Koswal,Koswal,,11,195,Sandefjord,SAN,2,DEF,i,Kne - Ute resten av sesongen,0,0,0,0,0,0,0,0,0,0,0,0,0.000000,0,45,0.0
462,1886121,Oscar,Skari-Hansen,Skari-Hansen,,4,117,Fredrikstad,FFK,3,MID,a,,33,0,0,0,0,0,0,0,0,0,0,0,0.000000,1,45,0.0
463,1912765,Magnus Mevik,Eidal,Eidal,,12,797,Sarpsborg 08,S08,2,DEF,a,,0,0,0,0,0,0,0,0,0,0,0,0,0.000000,0,40,0.0
464,1931156,Dennis Cornelius,Birkenes,Birkenes,,13,261,Start,STA,1,GK,a,,0,0,0,0,0,0,0,0,0,0,0,0,0.000000,0,40,0.0
465,2006014,Mathias Dahl,Sauer,Sauer,,11,195,Sandefjord,SAN,3,MID,a,,19,0,0,0,0,0,0,0,0,0,0,0,0.000000,2,55,0.0
466,2018174,Mads,Enggård,Enggård,,9,3,Molde,MOL,3,MID,u,Overgang til Mjällby,37,0,0,0,1,0,0,0,0,0,0,0,0.000000,2,55,0.0
467,1854824,Joachim,Prent-Eckbo,Prent-Eckbo,,6,306,KFUM Oslo,KFUM,2,DEF,a,,0,0,0,0,0,0,0,0,0,0,0,0,0.000000,0,40,0.0
468,2080856,Jakub,Jezierski,Jezierski,,4,117,Fredrikstad,FFK,3,MID,a,,111,0,0,0,3,0,0,0,0,0,0,0,0.000000,5,50,0.0
469,1968254,Danilo Andres,Al-Saed,Al-Saed,,5,63,HamKam,HAM,3,MID,a,,46,1,0,0,1,0,0,0,0,0,0,0,0.000000,9,51,0.0
470,1858373,Henrik Barstad,Skretteberg,Skretteberg,,11,195,Sandefjord,SAN,2,DEF,a,,0,0,0,0,0,0,0,0,0,0,0,0,0.000000,0,40,0.0
471,1925147,Nikolai,Finset,Finset,,7,785,Kristiansund,KBK,3,MID,a,,0,0,0,0,0,0,0,0,0,0,0,0,0.000000,0,45,0.0
472,1814036,Maciej,Soboczynski,Soboczynski,,10,145,Rosenborg,RBK,4,FWD,a,,26,0,0,0,1,0,0,0,0,0,0,0,0.000000,1,50,0.0
473,1827354,Fillip Voster,Botnen,Botnen,,15,198,Viking,VIK,2,DEF,u,På lån til Sandnes Ulf,4,0,0,0,0,0,0,0,0,0,0,0,0.000000,1,45,0.0
474,1857313,Kasper Johansen,Solhaug,Solhaug,,2,4,Bodø/Glimt,B/G,3,MID,a,,0,0,0,0,0,0,0,0,0,0,0,0,0.000000,0,45,0.0
475,2080865,Santino David Joseph Isaiah O,Samuyiwa,Samuyiwa,,13,261,Start,STA,4,FWD,a,,63,0,0,0,0,0,0,0,0,0,0,0,0.000000,4,49,0.0
476,312226,Sander,Svendsen,S. Svendsen,,7,785,Kristiansund,KBK,3,MID,a,,293,1,1,1,3,0,0,0,0,0,0,2,0.000000,18,54,0.1
477,1883525,Aleksander Lilletun,Elvebu,Elvebu,,14,2,Tromsø,TIL,3,MID,a,,1,0,0,0,0,0,0,0,0,0,0,0,0.000000,1,50,0.0
478,1941454,Benjamin,Myrvold,Myrvold,,14,2,Tromsø,TIL,2,DEF,a,,0,0,0,0,0,0,0,0,0,0,0,0,0.000000,0,45,0.0
479,1913966,Isaiah Zion Kabi,Skovsgaard,Skovsgaard,,6,306,KFUM Oslo,KFUM,4,FWD,a,,11,0,1,0,0,0,0,0,0,0,0,0,0.000000,4,45,0.2
480,1787276,Darian Weber,Mink,Mink,,6,306,KFUM Oslo,KFUM,1,GK,a,,0,0,0,0,0,0,0,0,0,0,0,0,0.000000,0,40,0.0
481,1887422,Daniel Bayam,Sylte,Sylte,,9,3,Molde,MOL,2,DEF,a,,0,0,0,0,0,0,0,0,0,0,0,0,0.000000,0,40,0.0
482,1794636,Brage,Haugen,Haugen,,3,298,Brann,BRA,3,MID,a,,0,0,0,0,0,0,0,0,0,0,0,0,0.000000,0,50,0.0
483,1541530,Jesper Norman,Daland,Daland,,15,198,Viking,VIK,2,DEF,a,,137,0,0,0,2,0,0,0,0,1,0,0,0.000000,0,54,0.0
484,1851742,Sander Åke Andreas,Lønning,Lønning,,16,169882,Vålerenga,VIF,1,GK,a,,0,0,0,0,0,0,0,0,0,0,0,0,0.000000,0,45,0.0
485,2080978,Filip,Manojlovic,Manojlovic,,13,261,Start,STA,1,GK,a,,270,0,0,0,4,0,0,0,0,0,12,0,0.000000,8,45,0.1
486,2080783,Oluwaseun Ayoola,Akanji,Akanji,,8,177,Lillestrøm,LSK,3,MID,a,,0,0,0,0,0,0,0,0,0,0,0,0,0.000000,0,50,0.0
487,1671868,Oscar,Kapskarmo,Kapskarmo,,11,195,Sandefjord,SAN,4,FWD,a,,241,1,1,1,2,0,0,0,0,0,0,3,0.000000,16,55,1.2
488,1987371,Duarte Miguel,Ramos Moreira,Moreira,,5,63,HamKam,HAM,4,FWD,a,,89,0,0,0,4,0,0,0,0,0,0,0,0.000000,3,55,0.2
489,1693409,Tobias Borchgrevink,Børkeeiet,Børkeeiet,,11,195,Sandefjord,SAN,3,MID,a,,270,1,0,1,2,0,0,0,2,0,0,3,0.000000,13,45,0.0
490,1665224,Jacob Blixt,Flaten,Flaten,,6,306,KFUM Oslo,KFUM,3,MID,a,,135,0,0,0,3,0,0,0,1,0,0,0,0.000000,2,45,0.0
491,43825,Ghayas,Zahid,Zahid,,16,169882,Vålerenga,VIF,3,MID,a,,17,0,0,0,0,0,0,0,0,0,0,0,0.000000,2,60,0.0
492,1812193,Sondre Blumenfeldt,Vindenes,Vindenes,,3,298,Brann,BRA,3,MID,a,,0,0,0,0,0,0,0,0,0,0,0,0,0.000000,0,45,0.0
493,2081157,Kjartan Mar,Kjartansson,Kjartansson,,3,298,Brann,BRA,3,MID,a,,25,0,0,0,0,0,0,0,1,0,0,0,0.000000,1,50,0.0
494,1933886,Mads,Barret-Olsen,Barret-Olsen,,12,797,Sarpsborg 08,S08,3,MID,a,,0,0,0,0,0,0,0,0,0,0,0,0,0.000000,0,45,0.0
495,1826783,Noah Ljøen,Bye,Bye,,9,3,Molde,MOL,3,MID,a,,0,0,0,0,0,0,0,0,0,0,0,0,0.000000,0,45,0.0
496,1821985,Tobias,Leikanger,Leikanger,,1,15,Aalesund,AaFK,3,MID,a,,0,0,0,0,0,0,0,0,0,0,0,0,0.000000,0,45,0.0
497,1866169,Abdoulie,Jatta,Jatta,,16,169882,Vålerenga,VIF,3,MID,a,,0,0,0,0,0,0,0,0,0,0,0,0,0.000000,0,45,0.0
498,1963982,Leon Sansah Dechor,Hien,Hien,,14,2,Tromsø,TIL,2,DEF,a,,174,0,0,1,2,0,0,0,1,0,0,0,0.000000,6,50,0.0
499,94385,Zymer,Bytyqi,Bytyqi,,7,785,Kristiansund,KBK,3,MID,a,,94,0,1,0,1,0,0,0,0,0,0,3,0.000000,9,55,0.0
500,2081514,Vince Chijioke,Osuji,Osuji,,14,2,Tromsø,TIL,2,DEF,a,,90,0,0,1,0,0,0,0,0,0,0,0,0.000000,6,45,0.0
501,2081093,Mark,Mampassi,Mampassi,,10,145,Rosenborg,RBK,2,DEF,a,,25,0,0,0,1,0,0,0,0,0,0,0,0.000000,1,45,0.0
502,2081763,Nicolas,Koutsakos,Koutsakos,,13,261,Start,STA,4,FWD,a,,121,0,0,0,3,0,0,0,0,0,0,0,0.000000,4,50,0.1
503,2081857,Nikola,Jojic,Jojic,,13,261,Start,STA,3,MID,a,,13,0,0,0,0,0,0,0,0,0,0,0,0.000000,1,50,0.0
504,1690824,Bryan Benjamin,Fiabema,Fiabema,,4,117,Fredrikstad,FFK,4,FWD,a,,68,1,0,0,1,0,0,0,0,0,0,0,0.000000,6,55,0.1
505,2081879,Ervin,Gigovic,Gigovic,,11,195,Sandefjord,SAN,3,MID,a,,0,0,0,0,0,0,0,0,0,0,0,0,0.000000,0,50,0.0
506,2082043,Gustav Ørsøe,Christensen,Christensen,,7,785,Kristiansund,KBK,3,MID,a,,22,0,0,0,1,0,0,0,0,0,0,0,0.000000,1,50,0.0
507,2051972,Neraysho Meritchio,Kasanwirjo,Kasanwirjo,,3,298,Brann,BRA,2,DEF,d,Sykdom - 25 % sjanse for å spille,60,0,0,1,0,0,0,0,0,0,0,0,0.000000,6,50,0.1
508,1971937,Johannes,Grummedal-Engenes,Grummedal-Engenes,,13,261,Start,STA,2,DEF,a,,0,0,0,0,0,0,0,0,0,0,0,0,0.000000,0,40,0.0
509,1850376,Luca,Høyland,Høyland,,12,797,Sarpsborg 08,S08,2,DEF,a,,0,0,0,0,0,0,0,0,0,0,0,0,0.000000,0,45,0.0
510,1869307,Philip Emblem,Storås,Storås,,1,15,Aalesund,AaFK,1,GK,a,,0,0,0,0,0,0,0,0,0,0,0,0,0.000000,0,40,0.0
511,1655466,Joel,Mugisha,Mvuka,,2,4,Bodø/Glimt,B/G,3,MID,a,,6,0,0,0,0,0,0,0,0,0,0,0,0.000000,1,65,0.0
512,1968433,Karl Filip,Ottosson,Ottosson,,8,177,Lillestrøm,LSK,3,MID,a,,0,0,0,0,0,0,0,0,0,0,0,0,0.000000,0,45,0.0
513,1671785,Mathias Ullereng,Kjølø,Kjølø,,10,145,Rosenborg,RBK,3,MID,a,,0,0,0,0,0,0,0,0,0,0,0,0,0.000000,0,50,0.0
514,1858354,Sander Aske,Granheim,Granheim,,13,261,Start,STA,2,DEF,a,,0,0,0,0,0,0,0,0,0,0,0,0,0.000000,0,45,0.0
515,1885541,Liam Christopher,West,West,,4,117,Fredrikstad,FFK,3,MID,a,,12,0,0,0,0,0,0,0,0,0,0,0,0.000000,1,55,0.0
516,161591,Sander Erik,Kartum,Kartum,,1,15,Aalesund,AaFK,3,MID,a,,58,0,1,0,0,0,0,0,0,0,0,0,0.000000,4,55,0.0
517,1646897,Isak Gabriel,Skotheim,Skotheim,,1,15,Aalesund,AaFK,3,MID,a,,69,0,0,1,0,0,0,0,0,0,0,0,0.000000,3,55,0.1
518,1854000,Øystein Robinsønn,Norheim,Norheim,,14,2,Tromsø,TIL,1,GK,a,,0,0,0,0,0,0,0,0,0,0,0,0,0.000000,0,40,0.0
519,1621045,Morten,Bjørlo,Bjørlo,,14,2,Tromsø,TIL,3,MID,a,,0,0,0,0,0,0,0,0,0,0,0,0,0.000000,0,65,0.1
520,1750043,Dennis,Gjengaar,Gjengaar,,16,169882,Vålerenga,VIF,3,MID,a,,0,0,0,0,0,0,0,0,0,0,0,0,0.000000,0,60,0.0
521,1662146,Nikolai Jakobsen,Hristov,Hristov,,14,2,Tromsø,TIL,4,FWD,a,,0,0,0,0,0,0,0,0,0,0,0,0,0.000000,0,55,0.0
522,2082437,Essien Elijah Gerrit,Bassey,Bassey,,15,198,Viking,VIK,2,DEF,a,,0,0,0,0,0,0,0,0,0,0,0,0,0.000000,0,55,0.0
523,1579300,Erik,Botheim,Botheim,,15,198,Viking,VIK,4,FWD,a,,15,0,0,0,0,0,0,0,0,0,0,0,0.000000,1,100,0.4
524,1573045,Vegard Østraat,Erlien,Erlien,,14,2,Tromsø,TIL,4,FWD,a,,0,0,0,0,0,0,0,0,0,0,0,0,0.000000,0,80,0.1
525,2082021,Assan,Sanyang,Sanyang,,2,4,Bodø/Glimt,B/G,3,MID,a,,0,0,0,0,0,0,0,0,0,0,0,0,0.000000,0,50,0.0
